Date,Time,Relative Time(mS),CPU0-Frequency(MHz),CPU0-DTS(Degree C),Power-EWMA Power(Watts),Power-IA Power(Watts),Power-GT Power(Watts),Power-Rest of Package Power(Watts),Power-Package Power(Watts),Power-MSR Psys Power(Watts),Power-PECI Psys Power(Watts),Power-SA Power(Watts),Voltage-IA Target voltage(Volts),Voltage-GT Target Voltage(Volts)
09/08/2022,16:57:22:476,0,1837,37,3.837258,0.952894,0.021031,4.526088,4.609794,14.485614,14.476740,2.809075,0.800903,0.000000
09/08/2022,16:57:23:444,968,1082,37,3.820794,0.315971,0.003262,5.411784,3.159711,10.385290,10.385290,2.146169,1.114258,0.000000
09/08/2022,16:57:24:457,1981,1210,36,3.824303,0.676267,0.162760,6.245931,3.839257,12.712849,12.712849,2.412684,0.751953,0.000000
09/08/2022,16:57:25:453,2977,1271,35,3.802925,0.209159,0.823975,4.673549,3.075120,10.401970,10.414298,2.156555,0.751587,0.000000
09/08/2022,16:57:26:466,3990,1832,36,3.783101,0.199203,0.322614,5.463809,3.104651,10.824793,10.812353,2.198551,0.800049,0.000000
09/08/2022,16:57:27:467,4991,1869,35,3.762484,0.214602,0.001835,4.867899,3.147618,10.930721,10.930721,2.214618,0.798584,0.000000
09/08/2022,16:57:28:462,5986,921,35,3.750280,0.253540,0.004885,4.760217,3.323540,11.630852,11.630852,2.350098,0.831787,0.000000
09/08/2022,16:57:29:458,6982,1771,36,3.729700,0.291986,0.004604,4.682024,3.083986,10.270915,10.260593,2.086666,0.789795,0.000000
09/08/2022,16:57:30:469,7993,917,35,3.712439,0.251164,0.002051,4.505831,3.196328,10.981181,10.992217,2.223923,0.848755,0.000000
09/08/2022,16:57:31:466,8990,854,35,3.694485,0.255711,0.003612,4.565306,3.169298,10.729510,10.729510,2.194489,0.842407,0.000000
09/08/2022,16:57:32:484,10008,670,35,3.679591,0.270405,0.000993,4.598442,3.176250,10.829948,10.844993,2.196409,0.850098,0.000000
09/08/2022,16:57:33:448,10972,1827,40,3.765737,2.383414,0.000974,5.283356,5.890532,16.061608,16.046845,2.726576,0.801025,0.000000
09/08/2022,16:57:34:466,11990,1397,36,3.759414,0.291155,0.057220,5.889893,3.429417,12.017594,12.017594,2.417512,0.756104,0.000000
09/08/2022,16:57:35:477,13001,1552,36,3.746265,0.258959,0.000304,4.013932,3.324045,11.473292,11.473292,2.331267,0.829224,0.000000
09/08/2022,16:57:36:474,13998,795,35,3.729154,0.285096,0.001347,4.846588,3.223844,10.874652,10.874652,2.226425,0.837646,0.000000
09/08/2022,16:57:37:472,14996,698,35,3.711036,0.274844,0.003846,4.550316,3.150878,10.469731,10.469731,2.162371,0.850952,0.000000
09/08/2022,16:57:38:468,15992,1702,36,3.706949,0.269510,0.004156,4.742225,3.519570,12.486032,12.486032,2.506949,0.814697,0.000000
09/08/2022,16:57:39:464,16988,1796,36,3.692837,0.229988,0.000623,4.512388,3.239165,11.161099,11.161099,2.295597,0.799805,0.000000
09/08/2022,16:57:40:459,17983,1671,35,3.685052,0.244327,0.004297,5.546238,3.052567,10.180983,10.180983,2.127650,1.298828,0.000000
09/08/2022,16:57:41:466,18990,1493,36,3.676069,0.395880,0.000251,4.295945,3.373088,11.681171,11.694496,2.264904,0.760620,0.000000
09/08/2022,16:57:42:479,20003,1596,36,3.676527,0.356223,0.001295,3.855611,3.534670,11.844756,11.831617,2.424915,0.770996,0.000000
09/08/2022,16:57:43:475,20999,1747,37,3.711201,0.217014,0.001161,5.871293,4.522650,18.137936,18.137936,3.489066,0.795044,0.000000
09/08/2022,16:57:44:487,22011,772,36,3.704068,0.249734,0.002113,4.898138,3.452526,12.180768,12.180768,2.459729,0.842041,0.000000
09/08/2022,16:57:45:473,22997,1943,35,3.689894,0.276799,0.001162,4.923906,3.252415,11.089925,11.089925,2.254682,0.809082,0.000000
09/08/2022,16:57:46:475,23999,874,36,3.680469,0.285123,0.002005,4.885502,3.334562,11.278580,11.278580,2.318841,0.833130,0.000000
09/08/2022,16:57:47:485,25009,740,36,3.667589,0.237229,0.001606,3.796659,3.213427,11.075932,11.075932,2.252392,0.840820,0.000000
09/08/2022,16:57:48:483,26007,1907,36,3.658513,0.287588,0.000858,4.441630,3.320227,11.384478,11.384478,2.299333,0.807983,0.000000
09/08/2022,16:57:49:480,27004,1029,36,3.647441,0.260066,0.005329,5.202073,3.245025,11.084999,11.098623,2.265334,0.741821,0.000000
09/08/2022,16:57:50:491,28015,777,36,3.635570,0.265065,0.000124,4.189503,3.224618,10.935823,10.942128,2.231365,0.821777,0.000000
09/08/2022,16:57:51:487,29011,804,35,3.624114,0.276893,0.002081,4.588634,3.275145,11.149149,11.129468,2.278042,0.837158,0.000000
09/08/2022,16:57:52:483,30007,1966,35,3.609750,0.279719,0.002980,4.602826,3.138499,10.408333,10.428310,2.146832,0.811035,0.000000
09/08/2022,16:57:53:494,31018,818,36,3.627988,0.211791,0.001801,4.676108,4.091777,16.144657,16.134463,3.107895,0.833130,0.000000
09/08/2022,16:57:54:491,32015,1805,37,3.622224,0.284218,0.001900,4.314158,3.377217,11.441647,11.427352,2.353117,0.799683,0.000000
09/08/2022,16:57:55:503,33027,1616,35,3.608215,0.274843,0.002096,6.661551,3.087762,10.282811,10.282811,2.112722,0.781006,0.000000
09/08/2022,16:57:56:499,34023,1853,35,3.594353,0.198823,0.523158,3.936768,3.127104,10.739700,10.739700,2.203538,0.799438,0.000000
09/08/2022,16:57:57:511,35035,1767,35,3.590227,0.263389,0.001180,5.209787,3.302045,11.289972,11.289972,2.316581,0.790283,0.000000
09/08/2022,16:57:58:508,36032,1729,36,3.580613,0.180106,0.074114,4.311698,3.213131,11.555608,11.555608,2.307020,0.780762,0.000000
09/08/2022,16:57:59:507,37031,1965,35,3.564105,0.233585,0.001801,4.689187,3.032572,10.172424,10.172424,2.100356,0.809570,0.000000
09/08/2022,16:58:00:505,38029,1771,35,3.556479,0.274225,0.003842,4.118026,3.255064,11.074246,11.074246,2.253737,0.789429,0.000000
09/08/2022,16:58:01:509,39033,1774,35,3.549438,0.314767,0.001744,4.689244,3.252925,11.018313,11.018313,2.221950,0.789673,0.000000
09/08/2022,16:58:02:516,40040,906,36,3.540782,0.232365,0.005364,4.794615,3.189426,11.039878,11.028883,2.241583,0.993652,0.000000
09/08/2022,16:58:03:513,41037,1294,35,3.538880,0.315737,0.003868,5.126953,3.341460,11.309124,11.320355,2.297940,0.756836,0.000000
09/08/2022,16:58:04:509,42033,1819,35,3.525901,0.199125,0.002484,4.762618,3.071875,10.702028,10.702028,2.167146,0.800049,0.000000
09/08/2022,16:58:05:530,43054,1860,35,3.514253,0.242773,0.001740,4.466905,3.152323,10.812231,10.812231,2.199288,0.800415,0.000000
09/08/2022,16:58:06:506,44030,1847,36,3.504123,0.277477,0.001818,4.715327,3.192557,10.805016,10.805016,2.201928,0.800049,0.000000
09/08/2022,16:58:07:509,45033,1690,36,3.493214,0.247757,0.000634,5.361069,3.035071,10.157788,10.185867,2.090282,0.781006,0.000000
09/08/2022,16:58:08:520,46044,1966,36,3.485924,0.223364,0.003884,4.761218,3.160265,11.040974,11.021014,2.233680,0.810059,0.000000
09/08/2022,16:58:09:517,47041,839,35,3.475259,0.241447,0.002694,4.557504,3.146586,10.830510,10.837513,2.187667,0.830200,0.000000
09/08/2022,16:58:10:527,48051,795,35,3.465416,0.248048,0.005024,5.314424,3.148521,10.706925,10.692417,2.194572,0.832397,0.000000
09/08/2022,16:58:11:524,49048,1612,34,3.458882,0.281729,0.000490,4.953238,3.121302,10.349508,10.339271,2.132605,0.781128,0.000000
09/08/2022,16:58:12:521,50045,952,35,3.452181,0.247924,0.056340,4.691323,3.220845,11.204451,11.215700,2.257200,0.856079,0.000000
09/08/2022,16:58:13:516,51040,1825,36,3.449538,0.251405,0.004905,5.046928,3.325329,11.650369,11.672652,2.349608,0.799927,0.000000
09/08/2022,16:58:14:528,52052,1898,35,3.435617,0.255453,0.000870,4.562682,3.015336,10.031481,10.009152,2.059201,0.810303,0.000000
09/08/2022,16:58:15:524,53048,809,35,3.432228,0.277166,0.003119,5.286147,3.247462,10.990977,10.990977,2.246770,0.820557,0.000000
09/08/2022,16:58:16:520,54044,1796,35,3.426673,0.245941,0.001118,4.595299,3.184683,10.922293,10.922293,2.221165,0.799438,0.000000
09/08/2022,16:58:17:533,55057,937,36,3.422667,0.273167,0.001367,4.885805,3.258979,11.167350,11.167350,2.268351,0.830811,0.000000
09/08/2022,16:58:18:518,56042,1937,35,3.421820,0.266930,0.001283,4.646779,3.293516,11.286257,11.286257,2.296982,0.802246,0.000000
09/08/2022,16:58:19:524,57048,784,34,3.416678,0.241127,0.002888,4.554403,3.219291,11.032816,11.059682,2.262139,0.892822,0.000000
09/08/2022,16:58:20:537,58061,1737,34,3.415119,0.265019,0.003819,4.708967,3.250384,11.143015,11.116658,2.260487,0.789429,0.000000
09/08/2022,16:58:21:532,59056,1198,35,3.412793,0.256604,0.001650,4.795619,3.213968,10.990124,10.979286,2.243479,0.751953,0.000000
09/08/2022,16:58:22:529,60053,752,35,3.401990,0.225992,0.043597,4.481724,3.064437,10.397854,10.397854,2.134576,0.841309,0.000000
09/08/2022,16:58:23:539,61063,771,35,3.401585,0.265211,0.000870,4.659600,3.345249,11.575620,11.587243,2.350405,0.873169,0.000000
09/08/2022,16:58:24:537,62061,1911,35,3.398799,0.278458,0.004290,4.551549,3.221198,10.838307,10.842744,2.222586,0.799683,0.000000
09/08/2022,16:58:25:532,63056,660,35,3.390645,0.226029,0.000930,5.099865,3.116515,10.720254,10.715645,2.192985,0.870605,0.000000
09/08/2022,16:58:26:545,64069,741,36,3.382302,0.281433,0.003854,4.536223,3.113787,10.352728,10.352728,2.119607,0.850342,0.000000
09/08/2022,16:58:27:542,65066,1796,36,3.382234,0.290161,0.001038,4.834825,3.281738,11.137078,11.126095,2.265832,0.799561,0.000000
09/08/2022,16:58:28:537,66061,1735,36,3.389842,0.262954,0.000310,5.096125,3.467207,12.349977,12.362377,2.475811,0.780151,0.000000
09/08/2022,16:58:29:548,67072,1665,35,3.378890,0.201771,0.001307,4.772515,2.949908,10.046669,10.046669,2.057897,0.781982,0.000000
09/08/2022,16:58:30:544,68068,840,35,3.373915,0.234722,0.002446,4.684182,3.198475,11.083550,11.110268,2.245032,0.833008,0.000000
09/08/2022,16:58:31:541,69065,1395,36,3.375079,0.260130,0.000436,4.629953,3.260683,11.144431,11.137752,2.280077,0.760864,0.000000
09/08/2022,16:58:32:555,70079,1535,35,3.371207,0.198069,0.047956,4.721505,3.117388,10.898724,10.898785,2.210183,0.770996,0.000000
09/08/2022,16:58:33:534,71058,1508,35,3.369085,0.232910,0.061035,4.900251,3.181824,11.084298,11.064113,2.237113,0.771729,0.000000
09/08/2022,16:58:34:557,72081,719,35,3.365679,0.216944,0.021798,4.795619,3.158079,11.045619,11.045619,2.232989,0.839355,0.000000
09/08/2022,16:58:35:555,73079,1774,35,3.362037,0.268216,0.003811,4.041948,3.177760,10.853687,10.843077,2.195476,0.790039,0.000000
09/08/2022,16:58:36:549,74073,865,35,3.389770,0.260454,0.005024,5.335552,4.098784,15.808472,15.808472,3.060809,0.950684,0.000000
09/08/2022,16:58:37:546,75070,1366,35,3.396771,0.257469,0.002367,4.769461,3.454092,12.222060,12.234356,2.458968,0.761230,0.000000
09/08/2022,16:58:38:556,76080,1572,36,3.396181,0.210425,0.000373,4.983085,3.232938,11.491506,11.502648,2.310582,0.770874,0.000000
09/08/2022,16:58:39:554,77078,813,35,3.389682,0.220119,0.370571,4.228864,3.158140,10.971326,10.960317,2.222828,0.828613,0.000000
09/08/2022,16:58:40:548,78072,1431,35,3.385906,0.254747,0.001613,5.335635,3.132270,10.631359,10.631359,2.168673,0.761230,0.000000
09/08/2022,16:58:41:559,79083,599,36,3.375462,0.181609,0.000747,5.026681,2.921716,9.983889,10.007983,2.053559,0.733032,0.000000
09/08/2022,16:58:42:538,80062,723,35,3.368201,0.191554,0.000980,4.402271,3.131771,10.949985,10.926319,2.219482,0.992310,0.000000
09/08/2022,16:58:43:560,81084,1896,35,3.372774,0.303723,0.000569,4.672980,3.384734,11.745655,11.741770,2.356518,0.807495,0.000000
09/08/2022,16:58:44:573,82097,1697,35,3.363147,0.223675,0.003852,5.693708,2.978744,10.049427,10.099030,2.051343,0.780396,0.000000
09/08/2022,16:58:45:571,83095,1656,35,3.359926,0.227278,0.001527,5.528041,3.104850,10.618481,10.569992,2.175876,0.781006,0.000000
09/08/2022,16:58:46:567,84091,890,36,3.353392,0.211824,0.100272,4.622910,3.120360,10.896887,10.909376,2.199284,0.831299,0.000000
09/08/2022,16:58:47:578,85102,1830,36,3.353842,0.309456,0.003908,4.554949,3.324865,11.246324,11.233836,2.281587,0.800049,0.000000
09/08/2022,16:58:48:575,86099,921,0,3.350808,0.265384,0.004285,4.481799,3.227762,11.005586,11.005586,2.243027,0.896973,0.000000
09/08/2022,16:58:49:571,87095,1940,35,3.349678,0.255565,0.000559,4.948207,3.134959,10.694511,10.683785,2.178227,1.282959,0.000000
09/08/2022,16:58:50:567,88091,1996,36,3.359724,0.555718,0.001243,4.494803,3.476766,11.324440,11.335810,2.207745,0.813965,0.000000
09/08/2022,16:58:51:560,89084,1397,35,3.360911,0.239541,0.000746,4.943102,3.235920,11.245804,11.245804,2.277849,0.760864,0.000000
09/08/2022,16:58:52:586,90110,1696,34,3.348788,0.215462,0.002993,4.380095,2.958304,10.079652,10.069511,2.048021,0.790283,0.000000
09/08/2022,16:58:53:567,91091,1562,35,3.349269,0.216282,0.001813,4.840557,3.208636,11.297036,11.330388,2.286104,0.775757,0.000000
09/08/2022,16:58:54:575,92099,1300,35,3.345356,0.228125,0.001009,3.883443,3.130574,10.780164,10.756856,2.184524,0.756958,0.000000
09/08/2022,16:58:55:570,93094,1963,36,3.342412,0.215281,0.001351,4.922049,3.113346,10.761462,10.761462,2.190968,0.800049,0.000000
09/08/2022,16:58:56:581,94105,801,35,3.337221,0.225992,0.248500,3.770095,3.115468,10.833985,10.833985,2.182666,0.832397,0.000000
09/08/2022,16:58:57:579,95103,1784,36,3.335047,0.267098,0.004959,4.450608,3.182644,10.875125,10.875125,2.194066,0.790039,0.000000
09/08/2022,16:58:58:591,96115,1850,36,3.337133,0.254003,0.003101,4.522219,3.315623,11.553625,11.553625,2.332057,0.800049,0.000000
09/08/2022,16:58:59:586,97110,850,35,3.328700,0.240043,0.005382,5.633328,3.042951,10.311017,10.300829,2.103421,0.846191,0.000000
09/08/2022,16:59:00:583,98107,751,36,3.323621,0.278947,0.002051,4.488393,3.139643,10.479847,10.490379,2.150891,0.856689,0.000000
09/08/2022,16:59:01:595,99119,799,35,3.329178,0.445811,0.003229,4.591847,3.431939,11.379781,11.379781,2.263933,0.874146,0.000000
09/08/2022,16:59:02:575,100099,1684,35,3.339771,0.441543,0.001774,4.265746,3.582849,12.020307,12.020307,2.390674,0.780762,0.000000
09/08/2022,16:59:03:583,101107,1696,35,3.340953,0.313832,0.002275,4.341140,3.311458,11.165448,11.165448,2.278708,0.785278,0.000000
09/08/2022,16:59:04:595,102119,1711,35,3.340260,0.275335,0.002215,4.475150,3.231233,10.994874,10.994874,2.233486,0.791992,0.000000
09/08/2022,16:59:05:592,103116,848,34,3.334532,0.227322,0.001040,4.550439,3.138724,10.826563,10.840555,2.204141,0.829834,0.000000
09/08/2022,16:59:06:601,104125,777,35,3.330437,0.263948,0.004657,4.690355,3.177864,10.833251,10.819062,2.201494,0.833252,0.000000
09/08/2022,16:59:07:600,105124,1135,35,3.321245,0.254068,0.001287,4.628666,3.029145,10.040676,10.040676,2.075739,0.863037,0.000000
09/08/2022,16:59:08:596,106120,1695,35,3.325764,0.267416,0.003652,5.164513,3.299427,11.492327,11.499720,2.316403,0.780884,0.000000
09/08/2022,16:59:09:607,107131,1035,35,3.328354,0.254085,0.001492,4.829915,3.246051,11.242185,11.234763,2.269994,1.158813,0.000000
09/08/2022,16:59:10:587,108111,1985,36,3.352554,0.584675,0.048828,5.538236,3.924144,13.265457,13.265457,2.585858,0.810913,0.000000
09/08/2022,16:59:11:611,109135,1887,35,3.362501,0.455775,0.004671,4.542448,3.512204,11.598733,11.598733,2.315727,0.799194,0.000000
09/08/2022,16:59:12:608,110132,968,36,3.363374,0.315449,0.002659,4.387513,3.352280,11.472583,11.472583,2.302647,0.871948,0.000000
09/08/2022,16:59:13:604,111128,1967,36,3.364444,0.263989,0.003908,5.132100,3.341427,11.649022,11.649022,2.351077,0.808960,0.000000
09/08/2022,16:59:14:599,112123,1467,35,3.367721,0.282466,0.001244,5.126953,3.304973,11.365408,11.365408,2.313938,0.761841,0.000000
09/08/2022,16:59:15:611,113135,1932,35,3.363813,0.299395,0.001678,4.665164,3.211431,10.830090,10.842236,2.193585,0.809204,0.000000
09/08/2022,16:59:16:609,114133,1896,36,3.373246,0.390307,0.003914,4.944629,3.543709,11.998268,11.986315,2.410255,0.808594,0.000000
09/08/2022,16:59:17:604,115128,1518,35,3.371819,0.272830,0.000991,4.804339,3.207661,10.934344,10.934344,2.216511,0.775879,0.000000
09/08/2022,16:59:18:615,116139,1497,35,3.369303,0.220622,0.000747,4.716399,3.180237,11.073959,11.081803,2.244990,0.775757,0.000000
09/08/2022,16:59:19:612,117136,884,36,3.362265,0.224612,0.001041,4.437087,3.122894,10.814221,10.803464,2.188874,0.831299,0.000000
09/08/2022,16:59:20:608,118132,1819,36,3.358386,0.242154,0.003105,4.378348,3.164639,10.846644,10.849749,2.210795,0.789551,0.000000
09/08/2022,16:59:21:619,119143,1596,35,3.359613,0.324424,0.000621,4.769461,3.295402,11.128560,11.142961,2.248322,0.780640,0.000000
09/08/2022,16:59:22:615,120139,1903,35,3.346893,0.205718,0.000613,4.258769,2.965843,10.029326,10.015139,2.059060,0.800049,0.000000
09/08/2022,16:59:23:612,121136,1617,35,3.350537,0.254769,0.001927,4.756383,3.281665,11.417067,11.425095,2.307325,0.780640,0.000000
09/08/2022,16:59:24:623,122147,1916,35,3.344381,0.229860,0.052316,4.360995,3.140920,10.842994,10.824098,2.200330,0.800049,0.000000
09/08/2022,16:59:25:619,123143,970,35,3.339599,0.256421,0.004093,4.676834,3.151833,10.682660,10.707870,2.183153,0.851685,0.000000
09/08/2022,16:59:26:616,124140,1800,35,3.333317,0.273634,0.004346,4.944196,3.053186,10.136493,10.121040,2.075195,0.801147,0.000000
09/08/2022,16:59:27:629,125153,1823,35,3.328465,0.250716,0.003722,4.658425,3.152925,10.778980,10.800100,2.186858,0.790039,0.000000
09/08/2022,16:59:28:625,126149,1679,35,3.329125,0.248173,0.002444,4.824029,3.250932,11.341864,11.343130,2.277521,0.781982,0.000000
09/08/2022,16:59:29:620,127144,1796,35,3.322520,0.207383,0.000869,4.681399,3.092986,10.739188,10.738576,2.174653,0.802002,0.000000
09/08/2022,16:59:30:632,128156,1618,35,3.315121,0.257828,0.004666,4.341037,3.065881,10.207240,10.175143,2.101056,0.771973,0.000000
09/08/2022,16:59:31:613,129137,1848,35,3.315637,0.252956,0.001347,4.205719,3.293878,11.500457,11.511822,2.310341,0.800049,0.000000
09/08/2022,16:59:32:636,130160,799,36,3.313142,0.254544,0.002459,4.838098,3.130952,10.675615,10.675615,2.166281,0.825439,0.000000
09/08/2022,16:59:33:617,131141,1994,36,3.316524,0.288299,0.001270,5.318778,3.246296,11.063130,11.077523,2.248516,0.810059,0.000000
09/08/2022,16:59:34:624,132148,1000,36,3.313579,0.210877,0.074114,4.520961,3.105219,10.763071,10.748092,2.182396,0.830933,0.000000
09/08/2022,16:59:35:636,133160,1899,34,3.319037,0.262193,0.000614,4.450593,3.373513,11.597953,11.597953,2.366142,0.814087,0.000000
09/08/2022,16:59:36:632,134156,1896,35,3.319874,0.268444,0.001163,2.749779,3.245883,11.029451,11.029451,2.250815,0.809326,0.000000
09/08/2022,16:59:37:628,135152,1599,35,3.322407,0.257255,0.002238,4.778181,3.193655,10.702294,10.702294,2.195060,0.781738,0.000000
09/08/2022,16:59:38:641,136165,983,34,3.321924,0.202912,0.309535,4.241943,3.268206,11.695096,11.695096,2.342599,0.884644,0.000000
09/08/2022,16:59:39:636,137160,638,35,3.320588,0.299305,0.004098,4.551741,3.247706,10.861245,10.861245,2.231945,0.851318,0.000000
09/08/2022,16:59:40:633,138157,667,35,3.325937,0.233202,0.005097,4.302397,3.336340,11.711389,11.732859,2.367747,0.942871,0.000000
09/08/2022,16:59:41:645,139169,1996,35,3.319718,0.251599,0.000249,4.734336,3.048339,10.311146,10.289719,2.098666,0.821411,0.000000
09/08/2022,16:59:42:625,140149,918,35,3.318958,0.270779,0.001833,4.628120,3.255331,11.201580,11.201580,2.261735,0.838623,0.000000
09/08/2022,16:59:43:649,141173,1555,35,3.324132,0.245026,0.001391,4.409416,3.344980,11.694460,11.694460,2.371216,0.770996,0.000000
09/08/2022,16:59:44:629,142153,1821,35,3.326402,0.268700,0.002843,4.659304,3.298560,11.347408,11.347408,2.301957,0.789795,0.000000
09/08/2022,16:59:45:637,143161,698,35,3.330801,0.286386,0.001199,4.300981,3.392217,11.642161,11.642161,2.369279,0.732178,0.000000
09/08/2022,16:59:46:649,144173,1883,35,3.332979,0.281440,0.003946,4.512656,3.307304,11.186708,11.196197,2.291007,0.800049,0.000000
09/08/2022,16:59:47:645,145169,765,35,3.331958,0.284994,0.000856,4.450351,3.267154,11.162920,11.153435,2.264091,0.882690,0.000000
09/08/2022,16:59:48:641,146165,1885,34,3.334017,0.291950,0.004098,5.742597,3.327068,11.363375,11.363375,2.315598,0.798706,0.000000
09/08/2022,16:59:49:653,147177,1726,35,3.331570,0.256944,0.004786,4.381026,3.158725,10.601059,10.601059,2.179188,0.785400,0.000000
09/08/2022,16:59:50:650,148174,1896,35,3.345800,0.501797,0.001345,4.853297,3.621623,12.071377,12.071377,2.376994,0.809692,0.000000
09/08/2022,16:59:51:646,149170,1554,35,3.352197,0.344129,0.003536,4.507882,3.389622,11.454713,11.454713,2.312112,0.771240,0.000000
09/08/2022,16:59:52:657,150181,1996,34,3.343547,0.206475,0.001305,4.593770,2.996814,10.189076,10.189076,2.085919,0.810059,0.000000
09/08/2022,16:59:53:655,151179,932,35,3.342500,0.222246,0.000673,4.511569,3.278102,11.581527,11.581527,2.332363,0.831421,0.000000
09/08/2022,16:59:54:649,152173,1396,35,3.351428,0.308529,0.001428,4.289900,3.456838,11.835989,11.835989,2.398553,0.755249,0.000000
09/08/2022,16:59:55:660,153184,706,36,3.344837,0.210481,0.000062,4.751290,3.121192,10.851240,10.858977,2.197634,0.831909,0.000000
09/08/2022,16:59:56:657,154181,1996,35,3.338532,0.266463,0.003486,4.907497,3.078728,10.216235,10.208628,2.109426,0.820068,0.000000
09/08/2022,16:59:57:653,155177,1924,31,3.338260,0.272797,0.001054,4.785846,3.285602,11.226796,11.215546,2.291570,0.799683,0.000000
09/08/2022,16:59:58:664,156188,1343,35,3.339245,0.259679,0.006091,4.349203,3.330705,11.554580,11.554580,2.341029,1.005249,0.000000
09/08/2022,16:59:59:661,157185,1286,35,3.350045,0.602630,0.004841,4.420208,3.605977,11.499844,11.511230,2.271475,0.940063,0.000000
09/08/2022,17:00:00:658,158182,1924,35,3.348314,0.329019,0.004222,4.669327,3.189165,10.485007,10.485007,2.150556,0.809692,0.000000
09/08/2022,17:00:01:654,159178,1599,35,3.353988,0.373165,0.002608,4.679661,3.412008,11.535951,11.535951,2.312235,0.781372,0.000000
09/08/2022,17:00:02:670,160194,1906,35,3.353294,0.267200,0.002113,4.287786,3.299068,11.332684,11.332684,2.298072,0.799316,0.000000
09/08/2022,17:00:03:650,161174,1422,34,3.359527,0.284912,0.001582,5.450909,3.359246,11.559133,11.559133,2.349974,0.764893,0.000000
09/08/2022,17:00:04:682,162206,856,34,3.352473,0.200544,0.000758,4.650993,3.054159,10.535228,10.535228,2.147815,0.898682,0.000000
09/08/2022,17:00:05:661,163185,923,35,3.350607,0.247378,0.003178,5.062740,3.185100,10.996442,10.996442,2.226896,0.869263,0.000000
09/08/2022,17:00:06:676,164200,1689,35,3.349661,0.244647,0.000822,4.979647,3.281414,11.343677,11.339758,2.310492,0.784546,0.000000
09/08/2022,17:00:07:659,165183,1620,35,3.340877,0.242859,0.005127,4.546352,3.053831,10.154025,10.146629,2.103546,0.780884,0.000000
09/08/2022,17:00:08:667,166191,1597,35,3.344346,0.292263,0.004409,4.324727,3.361658,11.627135,11.638963,2.340819,0.775635,0.000000
09/08/2022,17:00:09:683,167207,929,35,3.339827,0.257206,0.000736,4.642631,3.176404,10.786935,10.786935,2.202412,0.848877,0.000000
09/08/2022,17:00:10:663,168187,1397,34,3.340037,0.254009,0.002802,4.765102,3.180590,10.838066,10.838066,2.212164,0.760986,0.000000
09/08/2022,17:00:11:670,169194,1097,34,3.331978,0.209390,0.039237,4.093715,3.000706,10.217285,10.217285,2.091575,0.747070,0.000000
09/08/2022,17:00:12:681,170205,720,35,3.327387,0.224184,0.001291,4.066602,3.172353,10.935233,10.935233,2.232359,0.869751,0.000000
09/08/2022,17:00:13:679,171203,1896,35,3.330109,0.276831,0.000612,4.276208,3.324671,11.456860,11.456860,2.320543,0.810425,0.000000
09/08/2022,17:00:14:674,172198,1596,36,3.329291,0.251150,0.001861,4.684767,3.189025,10.913123,10.925599,2.220322,0.770996,0.000000
09/08/2022,17:00:15:702,173226,2156,34,3.324662,0.261064,0.001680,4.514922,3.085355,10.387520,10.374994,2.121815,0.827026,0.000000
09/08/2022,17:00:16:672,174196,1276,35,3.325828,0.258633,0.000902,3.646124,3.225714,11.067293,11.067293,2.247861,0.751953,0.000000
09/08/2022,17:00:17:675,175199,1697,35,3.320996,0.194737,0.001853,4.274967,3.151012,11.046545,11.046545,2.231468,0.781006,0.000000
09/08/2022,17:00:18:685,176209,1667,35,3.329052,0.299868,0.000864,5.387370,3.387112,11.541365,11.541365,2.362012,0.780762,0.000000
09/08/2022,17:00:19:683,177207,1500,35,3.323799,0.211200,0.061035,5.113874,3.009003,10.270706,10.278804,2.101569,0.775879,0.000000
09/08/2022,17:00:20:679,178203,814,35,3.320271,0.202210,0.001985,4.593090,3.117569,10.900341,10.892146,2.204788,0.818604,0.000000
09/08/2022,17:00:21:689,179213,1496,34,3.327621,0.331218,0.000870,4.891532,3.376450,11.450747,11.439251,2.315537,0.770752,0.000000
09/08/2022,17:00:22:687,180211,768,35,3.320988,0.206760,0.113351,4.110282,3.025775,10.302867,10.313068,2.114074,0.856689,0.000000
09/08/2022,17:00:23:699,181223,947,35,3.319521,0.214399,0.001614,4.759128,3.236353,11.369785,11.369785,2.303235,0.868652,0.000000
09/08/2022,17:00:24:679,182203,1909,34,3.321722,0.304136,0.002202,4.505681,3.274860,10.984155,10.984155,2.241715,0.800049,0.000000
09/08/2022,17:00:25:702,183226,873,35,3.318770,0.218325,0.001830,4.787082,3.124912,10.839495,10.850757,2.202684,0.829590,0.000000
09/08/2022,17:00:26:684,184208,1636,35,3.312626,0.242265,0.002057,4.778181,3.017157,10.109082,10.098273,2.076864,0.781006,0.000000
09/08/2022,17:00:27:691,185215,947,35,3.310224,0.224531,0.000126,4.673423,3.148292,10.962672,10.962672,2.217984,0.849487,0.000000
09/08/2022,17:00:28:703,186227,871,34,3.306684,0.230755,0.004175,4.629801,3.135328,10.914989,10.914989,2.198599,0.835571,0.000000
09/08/2022,17:00:29:699,187223,1953,35,3.328563,0.498250,0.001468,5.203959,3.793231,12.744285,12.744285,2.540558,0.810059,0.000000
09/08/2022,17:00:30:696,188220,1457,35,3.341923,0.473737,0.001243,5.083357,3.558188,11.744059,11.744059,2.343272,0.769531,0.000000
09/08/2022,17:00:31:707,189231,852,35,3.338835,0.250288,0.143869,4.381452,3.208909,11.110788,11.122554,2.244268,0.853516,0.000000
09/08/2022,17:00:32:704,190228,1474,34,3.341476,0.310135,0.004285,4.725865,3.268901,11.016333,11.004741,2.244114,0.765625,0.000000
09/08/2022,17:00:33:698,191222,906,35,3.337275,0.187141,0.091553,4.285540,3.180037,11.439960,11.428497,2.275608,0.831421,0.000000
09/08/2022,17:00:34:711,192235,1762,35,3.330677,0.266749,0.001432,4.809570,3.018375,9.992897,10.002950,2.057695,0.789917,0.000000
09/08/2022,17:00:35:711,193235,1963,34,3.325696,0.203817,0.003238,4.799979,3.062389,10.701999,10.701999,2.160813,0.809814,0.000000
09/08/2022,17:00:36:707,194231,1593,35,3.326273,0.243459,0.001053,4.896898,3.185477,11.037343,11.026306,2.228945,0.780884,0.000000
09/08/2022,17:00:37:719,195243,1616,35,3.317454,0.224289,0.000863,4.795619,2.976050,10.062951,10.072994,2.041953,0.786133,0.000000
09/08/2022,17:00:38:716,196240,1637,35,3.316358,0.200963,0.001101,4.433768,3.157805,11.041539,11.062410,2.243766,0.781006,0.000000
09/08/2022,17:00:39:712,197236,778,34,3.311000,0.220360,0.001676,4.432092,3.116643,10.730250,10.709191,2.183261,0.831421,0.000000
09/08/2022,17:00:40:723,198247,1505,36,3.308819,0.227546,0.001554,4.804339,3.099678,10.654312,10.654312,2.166104,0.771118,0.000000
09/08/2022,17:00:41:704,199228,1649,34,3.299471,0.173739,0.348772,4.381788,2.897822,9.967041,9.967041,2.039602,0.785889,0.000000
09/08/2022,17:00:42:728,200252,820,35,3.300402,0.255427,0.000315,4.630219,3.232089,11.187893,11.187893,2.265441,0.808960,0.000000
09/08/2022,17:00:43:724,201248,1590,35,3.299486,0.219400,0.001936,4.843576,3.123984,10.793140,10.793140,2.193567,0.776245,0.000000
09/08/2022,17:00:44:720,202244,1921,34,3.292522,0.191177,0.000497,4.854146,3.055794,10.728474,10.728474,2.166809,0.799683,0.000000
09/08/2022,17:00:45:731,203255,858,35,3.287573,0.274751,0.003356,4.567909,3.104837,10.308017,10.331365,2.121033,0.830811,0.000000
09/08/2022,17:00:46:729,204253,1892,34,3.283496,0.224551,0.004836,4.503046,3.104222,10.693951,10.670950,2.171789,0.800049,0.000000
09/08/2022,17:00:47:726,205250,1813,34,3.283477,0.282722,0.001923,4.392608,3.184807,10.770042,10.759250,2.185462,0.801392,0.000000
09/08/2022,17:00:48:719,206243,1788,34,3.288560,0.242588,0.004905,4.337310,3.323156,11.682692,11.694422,2.352455,0.789795,0.000000
09/08/2022,17:00:49:736,207260,1895,33,3.280932,0.230986,0.003678,4.233905,2.987855,10.003073,10.003073,2.044340,0.810669,0.000000
09/08/2022,17:00:50:733,208257,1497,35,3.279913,0.216148,0.001521,5.244328,3.117235,10.764535,10.764535,2.192640,0.765625,0.000000
09/08/2022,17:00:51:729,209253,1825,34,3.276767,0.195015,0.001241,4.903370,3.096108,10.822915,10.822915,2.192801,0.790161,0.000000
09/08/2022,17:00:52:740,210264,937,34,3.270698,0.241903,0.000870,4.886302,3.055114,10.352016,10.352016,2.119869,0.860840,0.000000
09/08/2022,17:00:53:736,211260,1882,35,3.271579,0.265384,0.002143,4.348792,3.213926,10.979560,10.968700,2.221897,0.810913,0.000000
09/08/2022,17:00:54:732,212256,798,34,3.271459,0.278947,0.002610,4.875842,3.215533,10.884950,10.895878,2.220062,0.851196,0.000000
09/08/2022,17:00:55:744,213268,732,34,3.265915,0.220211,0.002610,4.505272,3.072144,10.558224,10.558224,2.143577,0.863159,0.000000
09/08/2022,17:00:56:744,214268,1851,34,3.261122,0.246340,0.001283,4.037098,3.031698,10.091246,10.091246,2.081051,0.798950,0.000000
09/08/2022,17:00:57:740,215264,1870,34,3.260299,0.226127,0.005324,4.310734,3.152039,10.917175,10.931152,2.211548,0.809937,0.000000
09/08/2022,17:00:58:736,216260,1051,35,3.257517,0.229736,0.004533,4.868890,3.133904,10.956301,10.942268,2.193466,0.852783,0.000000
09/08/2022,17:00:59:748,217272,1497,34,3.258858,0.259182,0.005407,4.660470,3.155306,10.689364,10.689364,2.178514,0.766724,0.000000
09/08/2022,17:01:00:744,218268,1824,35,3.254112,0.208730,0.000428,4.834856,2.971947,10.146868,10.146868,2.068320,0.800049,0.000000
09/08/2022,17:01:01:749,219273,1773,35,3.251705,0.228742,0.001304,5.199428,3.133345,10.901356,10.901356,2.195674,0.790039,0.000000
09/08/2022,17:01:02:742,220266,1497,35,3.260028,0.366704,0.007522,4.443685,3.438848,11.590546,11.590546,2.338364,0.776367,0.000000
09/08/2022,17:01:03:736,221260,1497,34,3.267009,0.247570,0.004988,4.935710,3.302756,11.594772,11.583096,2.336345,0.765991,0.000000
09/08/2022,17:01:04:749,222273,793,31,3.257831,0.186282,0.000810,4.670727,2.906644,9.888677,9.898625,2.027805,0.819092,0.000000
09/08/2022,17:01:05:745,223269,1279,35,3.261382,0.214203,0.000978,4.524740,3.215862,11.415142,11.411285,2.278285,0.751953,0.000000
09/08/2022,17:01:06:741,224265,1844,34,3.259445,0.211041,0.001369,4.759373,3.161882,11.038478,11.030940,2.233764,0.800049,0.000000
09/08/2022,17:01:07:754,225278,1427,35,3.260179,0.269624,0.004413,5.110677,3.126156,10.471845,10.499395,2.153372,0.766235,0.000000
09/08/2022,17:01:08:754,226278,967,33,3.257805,0.193125,0.000367,4.274107,3.154013,11.092010,11.088455,2.239061,1.010742,0.000000
09/08/2022,17:01:09:749,227273,1686,34,3.273303,0.606208,0.004762,3.843471,3.524378,11.196106,11.182739,2.198912,0.784912,0.000000
09/08/2022,17:01:10:744,228268,1705,35,3.272125,0.198364,0.122070,4.341634,3.088068,10.852480,10.852480,2.181623,0.794678,0.000000
09/08/2022,17:01:11:756,229280,1747,34,3.263711,0.196309,0.000996,4.304017,2.904651,9.867698,9.867698,2.011032,0.790527,0.000000
09/08/2022,17:01:12:752,230276,1625,35,3.267846,0.197859,0.001224,5.033053,3.213192,11.425950,11.450219,2.297400,0.780273,0.000000
09/08/2022,17:01:13:749,231273,1632,34,3.269376,0.196952,0.000745,4.355294,3.185377,11.380210,11.355600,2.272993,0.780640,0.000000
09/08/2022,17:01:14:761,232285,1981,35,3.263641,0.192037,0.000372,4.612142,3.064908,10.745004,10.734237,2.171090,0.810059,0.000000
09/08/2022,17:01:15:746,233270,1760,35,3.267019,0.311849,0.005326,5.320137,3.239087,10.637246,10.674572,2.202452,0.804688,0.000000
09/08/2022,17:01:16:754,234278,1444,35,3.263774,0.197641,0.004971,4.420078,3.127627,10.925975,10.898462,2.223212,0.765503,0.000000
09/08/2022,17:01:17:764,235288,1896,35,3.262021,0.234276,0.003144,4.557054,3.111807,10.661333,10.658264,2.167052,0.807861,0.000000
09/08/2022,17:01:18:760,236284,870,0,3.264169,0.230291,0.001777,4.445070,3.284071,11.535162,11.546703,2.324352,0.841675,0.000000
09/08/2022,17:01:19:758,237282,867,34,3.257237,0.235750,0.000746,4.806946,3.024286,10.068408,10.074175,2.088616,0.851196,0.000000
09/08/2022,17:01:20:770,238294,816,34,3.252690,0.254365,0.002107,4.579890,3.087264,10.525113,10.511671,2.132744,0.869385,0.000000
09/08/2022,17:01:21:765,239289,786,35,3.258058,0.290376,0.004526,5.051833,3.283422,11.135324,11.135324,2.267287,0.829834,0.000000
09/08/2022,17:01:22:762,240286,1277,35,3.258165,0.243706,0.000808,5.549840,3.081902,10.400305,10.400305,2.147824,1.002930,0.000000
09/08/2022,17:01:23:773,241297,1995,36,3.309294,1.281614,0.004595,4.725630,4.615512,14.151883,14.137689,2.566905,0.810181,0.000000
09/08/2022,17:01:24:770,242294,2433,35,3.304852,0.259813,0.001224,4.519737,3.143341,10.698824,10.709406,2.172393,0.841187,0.000000
09/08/2022,17:01:25:765,243289,1926,35,3.300170,0.237559,0.004533,4.699869,3.128999,10.724723,10.724723,2.178330,0.809937,0.000000
09/08/2022,17:01:26:777,244301,1925,35,3.294011,0.236806,0.001616,4.680652,3.010985,10.073193,10.063079,2.077279,0.810425,0.000000
09/08/2022,17:01:27:774,245298,1586,35,3.293597,0.233316,0.000979,4.865374,3.126125,10.773670,10.784327,2.187495,0.776001,0.000000
09/08/2022,17:01:28:770,246294,850,35,3.304631,0.199001,0.065395,4.972331,3.482978,13.024976,13.011925,2.561825,0.846313,0.000000
09/08/2022,17:01:29:766,247290,1446,35,3.322716,0.450951,0.003671,4.342032,3.757426,12.498861,12.511410,2.525054,0.765747,0.000000
09/08/2022,17:01:30:787,248311,1692,35,3.340116,0.435583,0.000684,4.154066,3.752449,12.364312,12.351898,2.533358,0.780884,0.000000
09/08/2022,17:01:31:762,249286,849,33,3.352099,0.419730,0.000424,4.960862,3.600832,11.975803,11.987544,2.427358,0.829590,0.000000
09/08/2022,17:01:32:771,250295,1848,34,3.348216,0.236075,0.001080,4.474832,3.181577,11.034606,11.034606,2.232223,0.813477,0.000000
09/08/2022,17:01:33:781,251305,1497,35,3.353851,0.294369,0.005711,4.550128,3.465679,12.062942,12.062942,2.430810,0.766968,0.000000
09/08/2022,17:01:34:778,252302,914,35,3.344788,0.244508,0.001714,5.050119,3.054268,10.228404,10.228404,2.108460,0.872070,0.000000
09/08/2022,17:01:35:774,253298,1798,34,3.341871,0.259787,0.003663,4.783237,3.155946,10.749166,10.749166,2.190525,0.799194,0.000000
09/08/2022,17:01:36:785,254309,1645,35,3.339648,0.235874,0.000870,4.415459,3.208448,11.093998,11.114526,2.255114,0.780884,0.000000
09/08/2022,17:01:37:781,255305,709,35,3.332102,0.204532,0.001041,4.672508,3.085122,10.703912,10.683688,2.172634,0.852295,0.000000
09/08/2022,17:01:38:794,256318,1955,35,3.332499,0.276088,0.004289,4.459416,3.268613,11.193149,11.215394,2.274463,0.798706,0.000000
09/08/2022,17:01:39:774,257298,1490,35,3.330929,0.251533,0.001466,4.547119,3.194479,10.847508,10.814960,2.222150,0.760864,0.000000
09/08/2022,17:01:40:783,258307,1472,35,3.328846,0.238265,0.001580,4.504849,3.192341,10.951700,10.951700,2.247632,0.765503,0.000000
09/08/2022,17:01:41:793,259317,1202,34,3.324576,0.243956,0.002836,5.240304,3.057430,10.237013,10.237013,2.113130,0.751953,0.000000
09/08/2022,17:01:42:791,260315,898,35,3.323413,0.251364,0.091553,4.669189,3.210008,10.967794,10.981136,2.242665,0.737671,0.000000
09/08/2022,17:01:43:787,261311,804,35,3.323386,0.206776,0.002664,4.337539,3.286036,11.575642,11.585722,2.347835,0.850098,0.000000
09/08/2022,17:01:44:797,262321,1597,34,3.323595,0.280215,0.003418,3.863259,3.223178,10.866096,10.854085,2.226251,0.775879,0.000000
09/08/2022,17:01:45:796,263320,1923,35,3.319722,0.253639,0.001226,4.170963,3.135344,10.486082,10.497382,2.163935,0.809082,0.000000
09/08/2022,17:01:46:790,264314,897,34,3.318880,0.284294,0.000929,4.171259,3.264792,11.051029,11.039604,2.256162,0.838013,0.000000
09/08/2022,17:01:47:801,265325,646,34,3.318645,0.267185,0.000996,4.659474,3.270301,11.123074,11.123074,2.275739,0.851807,0.000000
09/08/2022,17:01:48:798,266322,2450,35,3.326256,0.289581,0.003918,4.095392,3.411663,11.761010,11.774473,2.384537,0.877075,0.000000
09/08/2022,17:01:49:796,267320,1103,35,3.320380,0.232231,0.000310,4.481414,3.064101,10.360672,10.336652,2.123571,0.831543,0.000000
09/08/2022,17:01:50:805,268329,713,35,3.316958,0.249605,0.000745,4.550734,3.183825,10.924497,10.924497,2.221447,0.868530,0.000000
09/08/2022,17:01:51:804,269328,1585,35,3.317515,0.249717,0.001472,4.112160,3.233207,11.020653,11.031575,2.259753,0.770630,0.000000
09/08/2022,17:01:52:799,270323,893,35,3.315356,0.214707,0.000558,4.764544,3.171721,11.015439,11.004413,2.245532,0.841797,0.000000
09/08/2022,17:01:53:809,271333,1797,35,3.321381,0.293926,0.005407,4.628569,3.387948,11.526391,11.558954,2.352154,0.800049,0.000000
09/08/2022,17:01:54:807,272331,811,35,3.322449,0.264424,0.002084,4.409886,3.241727,11.001375,10.980708,2.252983,0.828735,0.000000
09/08/2022,17:01:55:819,273343,1597,35,3.328561,0.264610,0.002729,4.682268,3.334976,11.365504,11.365504,2.326553,0.770874,0.000000
09/08/2022,17:01:56:798,274322,1460,35,3.323037,0.201190,0.052316,5.605844,3.029091,10.398593,10.406554,2.129596,0.765503,0.000000
09/08/2022,17:01:57:842,275366,1437,39,3.380337,1.437682,0.009434,5.542755,4.744914,13.920326,13.912080,2.547284,1.301270,0.000000
09/08/2022,17:01:58:794,276318,790,35,3.403532,0.520695,0.012800,4.747943,3.962900,13.543678,13.543678,2.650762,0.831787,0.000000
09/08/2022,17:01:59:810,277334,1514,35,3.400652,0.285265,0.002798,5.128850,3.243452,11.101474,11.101474,2.248931,0.772095,0.000000
09/08/2022,17:02:00:839,278363,1617,36,3.398437,0.308343,0.006213,4.463438,3.295228,10.924031,10.924031,2.253430,0.780884,0.000000
09/08/2022,17:02:01:806,279330,934,36,3.423734,0.565657,0.009492,4.459154,3.975575,13.390959,13.390959,2.623682,0.846924,0.000000
09/08/2022,17:02:02:808,280332,1830,35,3.423420,0.247471,0.002690,5.531164,3.357382,11.780543,11.807368,2.387489,0.799683,0.000000
09/08/2022,17:02:03:814,281338,813,31,3.430451,0.312404,0.002965,4.295654,3.529722,12.334096,12.308208,2.473174,0.863525,0.000000
09/08/2022,17:02:04:827,282351,1590,35,3.426415,0.295578,0.003569,4.830497,3.164784,10.518432,10.518432,2.154189,0.770996,0.000000
09/08/2022,17:02:05:824,283348,1696,35,3.421063,0.196377,0.039237,4.773821,3.124535,10.889503,10.896794,2.218013,0.789551,0.000000
09/08/2022,17:02:06:818,284342,798,35,3.416804,0.220508,0.000558,4.492568,3.266435,11.421288,11.413880,2.320377,0.882935,0.000000
09/08/2022,17:02:07:842,285366,1923,35,3.415524,0.343292,0.005169,4.657917,3.322056,11.140115,11.140115,2.259037,0.799072,0.000000
09/08/2022,17:02:08:817,286341,932,35,3.439781,0.567040,0.003629,5.836966,3.869169,12.891650,12.891650,2.557212,0.846924,0.000000
09/08/2022,17:02:09:827,287351,1297,35,3.469161,0.337500,0.005577,4.861014,4.140884,15.735939,15.743256,3.027119,0.751831,0.000000
09/08/2022,17:02:10:825,288349,1779,35,3.463389,0.199712,0.178746,4.738944,3.175483,11.123929,11.116859,2.260960,0.790283,0.000000
09/08/2022,17:02:11:834,289358,1896,35,3.454329,0.245755,0.000186,5.575811,3.135580,10.712771,10.712771,2.192246,0.808228,0.000000
09/08/2022,17:02:12:832,290356,847,35,3.444210,0.272207,0.001716,4.618176,3.136018,10.453163,10.442813,2.151051,0.846436,0.000000
09/08/2022,17:02:13:829,291353,1578,36,3.449270,0.290847,0.002791,5.009242,3.447246,11.942525,11.954504,2.417188,0.775879,0.000000
09/08/2022,17:02:14:840,292364,1893,36,3.442158,0.232095,0.001614,4.545505,3.209468,11.122111,11.122111,2.260627,0.800171,0.000000
09/08/2022,17:02:15:825,293349,1795,35,3.435248,0.279770,0.002204,4.174345,3.140525,10.426024,10.442747,2.141966,0.789917,0.000000
09/08/2022,17:02:16:832,294356,838,34,3.429644,0.236661,0.001886,4.305452,3.168737,10.945328,10.917052,2.221804,0.828857,0.000000
09/08/2022,17:02:17:842,295366,1830,35,3.421884,0.242606,0.002026,4.732558,3.170697,10.988145,10.999056,2.217005,0.972046,0.000000
09/08/2022,17:02:18:841,296365,1810,36,3.445388,0.625074,0.001840,4.798139,3.926125,12.907606,12.931597,2.548717,0.800171,0.000000
09/08/2022,17:02:19:836,297360,1497,34,3.439212,0.264940,0.000372,3.115476,3.092840,10.455035,10.453874,2.127677,0.776001,0.000000
09/08/2022,17:02:20:848,298372,1906,35,3.434036,0.199328,0.235421,4.625593,3.153131,11.086683,11.063496,2.231337,0.809692,0.000000
09/08/2022,17:02:21:818,299342,1665,35,3.434378,0.253201,0.001959,4.632353,3.316101,11.527683,11.527683,2.334670,0.781006,0.000000
09/08/2022,17:02:22:856,300380,1895,35,3.429007,0.221755,0.001020,4.550458,3.157948,10.986580,10.986580,2.225929,0.809082,0.000000
09/08/2022,17:02:23:828,301352,1397,35,3.430236,0.278327,0.001074,4.660470,3.314692,11.511948,11.511948,2.312273,0.763306,0.000000
09/08/2022,17:02:24:881,302405,1730,36,3.424833,0.209136,0.000700,4.586327,3.156771,10.985637,10.985637,2.233309,0.790405,0.000000
09/08/2022,17:02:25:814,303338,1708,37,3.468140,0.982319,0.001527,6.129674,4.417970,13.907719,13.907719,2.671984,0.790405,0.000000
09/08/2022,17:02:26:865,304389,1753,36,3.469973,0.362027,0.069754,5.327497,3.387086,11.617722,11.617722,2.311159,0.796631,0.000000
09/08/2022,17:02:27:833,305357,1873,35,3.479220,0.268272,0.000118,5.380366,3.605018,12.909575,12.923816,2.584984,0.800293,0.000000
09/08/2022,17:02:28:864,306388,1348,35,3.516044,0.217198,0.000958,6.399301,4.363631,17.431867,17.416435,3.344084,0.756958,0.000000
09/08/2022,17:02:29:832,307356,1796,35,3.515001,0.215393,0.178410,4.734584,3.342530,11.846444,11.846444,2.391797,0.800171,0.000000
09/08/2022,17:02:30:856,308380,1022,31,3.502081,0.198332,0.039237,4.490444,3.020984,10.345648,10.345648,2.120972,0.830811,0.000000
09/08/2022,17:02:31:855,309379,1523,35,3.494410,0.223050,0.002659,5.078997,3.146030,10.828460,10.817885,2.214491,0.776245,0.000000
09/08/2022,17:02:32:835,310359,953,35,3.490833,0.260792,0.061035,4.132952,3.309950,11.654358,11.666024,2.314880,0.742065,0.000000
09/08/2022,17:02:33:852,311376,1919,35,3.502449,0.247303,0.002656,5.385876,3.780322,14.064395,14.064395,2.785859,0.800049,0.000000
09/08/2022,17:02:34:838,312362,1931,35,3.496803,0.217696,0.004012,4.860020,3.303193,11.773190,11.773190,2.363507,0.815063,0.000000
09/08/2022,17:02:35:849,313373,1696,35,3.488853,0.246527,0.005149,4.637882,3.175712,10.804461,10.825445,2.208160,0.795532,1.109375
09/08/2022,17:02:36:860,314384,1966,35,3.482595,0.223326,0.002816,4.326320,3.238230,11.142421,11.121935,2.288909,0.810059,0.000000
09/08/2022,17:02:37:857,315381,1833,35,3.472113,0.243468,0.003058,4.648693,3.137929,10.775057,10.775057,2.182429,0.790283,0.000000
09/08/2022,17:02:38:853,316377,1516,35,3.470992,0.299147,0.000808,4.970006,3.279365,11.146538,11.146538,2.258975,0.771118,0.000000
09/08/2022,17:02:39:864,317388,1873,35,3.459523,0.206227,0.296456,4.115513,3.106826,10.790415,10.798320,2.188993,0.799194,0.000000
09/08/2022,17:02:40:861,318385,1929,35,3.455016,0.256752,0.004285,4.564558,3.168931,10.725827,10.718039,2.191772,0.810425,0.000000
09/08/2022,17:02:41:855,319379,1747,35,3.443554,0.195263,0.000186,3.862132,3.047722,10.668602,10.690764,2.143393,0.790894,0.000000
09/08/2022,17:02:42:869,320393,1963,35,3.432699,0.268119,0.005730,4.419319,3.095790,10.342389,10.320161,2.111915,0.809814,0.000000
09/08/2022,17:02:43:866,321390,1817,35,3.428356,0.235535,0.001770,4.305568,3.273682,11.487865,11.476536,2.313076,0.800049,0.000000
09/08/2022,17:02:44:861,322385,1533,35,3.423927,0.277980,0.001490,4.787422,3.184632,10.811977,10.835701,2.196163,0.776001,0.000000
09/08/2022,17:02:45:873,323397,963,34,3.410310,0.208029,0.000746,4.717741,2.994763,10.177229,10.164347,2.088861,0.829590,0.000000
09/08/2022,17:02:46:859,324383,1895,34,3.401430,0.258804,0.005499,4.393392,3.124157,10.572940,10.572940,2.149378,0.799805,0.000000
09/08/2022,17:02:47:880,325404,1617,35,3.396748,0.249290,0.004898,4.625055,3.154488,10.726387,10.726387,2.190518,0.802002,0.000000
09/08/2022,17:02:48:877,326401,1662,35,3.400074,0.261536,0.002606,4.616874,3.346145,11.743618,11.732128,2.361481,0.781006,0.000000
09/08/2022,17:02:49:873,327397,761,34,3.385183,0.199435,0.000931,4.489512,2.939187,9.988361,9.998379,2.043912,0.841919,0.000000
09/08/2022,17:02:50:885,328409,817,0,3.379593,0.259866,0.003232,4.386940,3.181722,10.835885,10.835885,2.202474,0.831055,0.000000
09/08/2022,17:02:51:882,329406,1687,34,3.385448,0.300772,0.000306,4.618327,3.396136,11.526899,11.526899,2.358379,0.781006,0.000000
09/08/2022,17:02:52:879,330403,786,35,3.376162,0.184784,0.061035,4.520961,3.070404,10.755853,10.745065,2.179678,0.995728,0.000000
09/08/2022,17:02:53:889,331413,1777,35,3.370682,0.254013,0.000621,4.746036,3.132165,10.661379,10.672083,2.168799,0.790039,0.000000
09/08/2022,17:02:54:886,332410,1805,34,3.365694,0.254854,0.000857,4.363157,3.192806,10.908010,10.908010,2.222224,0.790039,0.000000
09/08/2022,17:02:55:882,333406,1502,35,3.363967,0.256993,0.002173,5.039760,3.154145,10.717210,10.727449,2.187287,0.770874,0.000000
09/08/2022,17:02:56:894,334418,1725,35,3.356570,0.184970,0.065395,4.721505,3.050888,10.764226,10.768109,2.164236,0.801636,0.000000
09/08/2022,17:02:57:892,335416,878,34,3.349852,0.272946,0.000673,4.476692,3.131813,10.513487,10.513185,2.144855,0.822632,0.000000
09/08/2022,17:02:58:887,336411,1297,35,3.351217,0.240419,0.004156,4.934458,3.250494,11.441584,11.427824,2.290653,0.761719,0.000000
09/08/2022,17:02:59:898,337422,1468,35,3.366678,0.185840,0.000373,5.279541,3.652040,13.926393,13.926393,2.730326,0.765991,0.000000
09/08/2022,17:03:00:879,338403,1663,35,3.360794,0.190084,0.000673,5.344262,3.134036,11.049356,11.049356,2.237292,0.785645,0.000000
09/08/2022,17:03:01:902,339426,1890,34,3.359268,0.313697,0.004860,4.491396,3.218200,10.671767,10.671767,2.174690,0.799316,0.000000
09/08/2022,17:03:02:883,340407,1696,35,3.359708,0.231500,0.004213,4.321289,3.233960,11.317577,11.332134,2.274968,0.790527,0.000000
09/08/2022,17:03:03:889,341413,1658,35,3.357701,0.212645,0.001515,5.101024,3.230887,11.465339,11.450158,2.307154,0.789307,0.000000
09/08/2022,17:03:04:901,342425,796,34,3.347626,0.242231,0.003819,4.613055,3.031495,10.137296,10.137296,2.088131,0.925659,0.000000
09/08/2022,17:03:05:899,343423,1757,31,3.346021,0.271539,0.004648,5.004883,3.167712,10.712092,10.712092,2.188581,0.790039,0.000000
09/08/2022,17:03:06:895,344419,1681,35,3.347782,0.249605,0.000373,4.760742,3.238340,11.160067,11.148885,2.266819,0.780518,0.000000
09/08/2022,17:03:07:905,345429,788,35,3.337954,0.176027,0.328651,4.000486,3.023196,10.625076,10.645058,2.146699,0.832886,0.000000
09/08/2022,17:03:08:903,346427,784,35,3.332691,0.258282,0.001041,4.708056,3.146831,10.746599,10.748895,2.173879,0.848633,0.000000
09/08/2022,17:03:09:899,347423,776,34,3.330768,0.276085,0.000186,4.276635,3.240818,10.967125,10.955505,2.246803,0.832031,0.000000
09/08/2022,17:03:10:910,348434,828,35,3.326834,0.273539,0.001678,4.549801,3.167240,10.766638,10.774421,2.183968,0.842285,0.000000
09/08/2022,17:03:11:906,349430,1535,34,3.321388,0.224000,0.001408,4.436720,3.078755,10.563067,10.582144,2.149090,0.775513,0.000000
09/08/2022,17:03:12:903,350427,1750,34,3.313228,0.258312,0.001181,4.258201,3.048091,10.198877,10.171729,2.085429,0.790405,0.000000
09/08/2022,17:03:13:915,351439,1912,35,3.316286,0.259787,0.001739,4.166091,3.319617,11.501056,11.508463,2.324723,0.808716,0.000000
09/08/2022,17:03:14:911,352435,1927,34,3.312862,0.238575,0.002141,4.662689,3.122945,10.705578,10.698281,2.178871,0.810547,0.000000
09/08/2022,17:03:15:906,353430,1751,35,3.308073,0.242587,0.004351,4.704076,3.092158,10.542291,10.551606,2.145668,0.790649,0.000000
09/08/2022,17:03:16:918,354442,1763,34,3.304196,0.248802,0.003854,4.540077,3.062262,10.265366,10.256051,2.094641,0.789917,0.000000
09/08/2022,17:03:17:915,355439,1643,35,3.302521,0.232398,0.001284,4.724581,3.162820,10.974314,10.981680,2.214937,0.780762,0.000000
09/08/2022,17:03:18:911,356435,1593,35,3.303915,0.252275,0.002794,4.869734,3.203321,11.050979,11.032426,2.235589,0.776001,0.000000
09/08/2022,17:03:19:923,357447,1876,35,3.295605,0.219030,0.000062,4.577575,2.964929,10.008908,10.018967,2.052744,0.800415,0.000000
09/08/2022,17:03:20:893,358417,1374,34,3.301231,0.271939,0.001711,4.686628,3.306346,11.305422,11.313074,2.303731,0.761353,0.000000
09/08/2022,17:03:21:928,359452,1747,35,3.305134,0.246822,0.000383,4.659017,3.270041,11.354112,11.346121,2.294193,0.791138,0.000000
09/08/2022,17:03:22:912,360436,1935,35,3.304026,0.237977,0.000120,4.481605,3.156714,10.876937,10.876937,2.205589,0.810913,0.000000
09/08/2022,17:03:23:919,361443,860,35,3.302246,0.225956,0.001636,4.671913,3.140039,10.917842,10.906747,2.204213,0.844482,0.000000
09/08/2022,17:03:24:944,362468,1719,36,3.325743,0.214637,0.004794,4.490009,3.875210,14.750405,14.772629,2.875744,0.789551,0.000000
09/08/2022,17:03:25:901,363425,1796,35,3.328371,0.255660,0.000543,4.393988,3.292219,11.473061,11.465618,2.306903,0.789917,0.000000
09/08/2022,17:03:26:947,364471,1283,35,3.322325,0.189455,0.001490,4.763612,3.080332,10.839103,10.839103,2.188327,1.291382,0.000000
09/08/2022,17:03:27:913,365437,1380,36,3.331150,0.568005,0.000946,5.240304,3.387806,10.688330,10.688330,2.114349,0.755737,0.000000
09/08/2022,17:03:28:930,366454,1705,35,3.336075,0.202147,0.030518,4.564558,3.312632,11.962133,11.962133,2.387953,0.790649,0.000000
09/08/2022,17:03:29:929,367453,1611,34,3.334391,0.245843,0.003830,4.743304,3.163797,10.934235,10.953620,2.204460,0.781006,0.000000
09/08/2022,17:03:30:923,368447,1500,35,3.338451,0.223423,0.000062,4.972018,3.276794,11.587445,11.556112,2.328274,0.775757,0.000000
09/08/2022,17:03:31:935,369459,1297,35,3.328992,0.197664,0.000062,4.695347,2.922035,9.946399,9.970836,2.028882,0.756958,0.000000
09/08/2022,17:03:32:933,370457,1581,36,3.323764,0.190567,0.000979,4.329136,3.047477,10.677349,10.652625,2.154203,0.776001,0.000000
09/08/2022,17:03:33:928,371452,789,35,3.325837,0.245009,0.002977,4.391554,3.348002,11.765183,11.776972,2.367528,0.887573,0.000000
09/08/2022,17:03:34:939,372463,669,35,3.321600,0.297842,0.000746,4.149645,3.179111,10.497679,10.516125,2.160154,0.853027,0.000000
09/08/2022,17:03:35:925,373449,1606,35,3.325155,0.308111,0.004281,4.882891,3.300485,11.016604,10.998414,2.261980,0.781006,0.000000
09/08/2022,17:03:36:932,374456,1646,34,3.325309,0.251048,0.000816,4.527229,3.276181,11.282961,11.295899,2.304139,0.774780,0.000000
09/08/2022,17:03:37:943,375467,1526,35,3.327150,0.287315,0.003079,5.013602,3.277114,11.083609,11.070941,2.269658,0.776123,0.000000
09/08/2022,17:03:38:940,376464,1810,36,3.326562,0.228469,0.002081,4.869734,3.173400,10.962844,10.952011,2.235058,0.800049,0.000000
09/08/2022,17:03:39:936,377460,1277,35,3.326887,0.216793,0.000062,4.878453,3.183586,11.031997,11.043074,2.246596,0.756836,0.000000
09/08/2022,17:03:40:948,378472,713,35,3.322886,0.210550,0.235421,4.210755,3.117698,10.875472,10.878399,2.193895,0.842285,0.000000
09/08/2022,17:03:41:944,379468,1696,35,3.324747,0.249094,0.005198,5.794986,3.228931,11.039757,11.037030,2.256371,0.793701,0.000000
09/08/2022,17:03:42:938,380462,1359,34,3.322012,0.252531,0.000808,4.817708,3.099506,10.451276,10.451276,2.147311,0.761230,0.000000
09/08/2022,17:03:43:947,381471,1417,36,3.327065,0.204699,0.081380,4.410807,3.333843,11.868111,11.868111,2.396659,0.765991,0.000000
09/08/2022,17:03:44:945,382469,1836,35,3.322404,0.202409,0.040690,4.353841,3.116960,10.844799,10.834072,2.197447,0.800049,0.000000
09/08/2022,17:03:45:956,383480,717,34,3.319126,0.251654,0.005154,4.716352,3.186619,10.915569,10.926517,2.219917,0.842896,0.000000
09/08/2022,17:03:46:943,384467,1796,35,3.313062,0.262060,0.005076,4.511525,3.059647,10.148800,10.148800,2.093409,0.800903,0.000000
09/08/2022,17:03:47:949,385473,1197,35,3.312826,0.248034,0.000816,3.866197,3.197062,11.007932,11.007932,2.222707,0.756836,0.000000
09/08/2022,17:03:48:944,386468,1352,35,3.323935,0.240634,0.004184,5.272498,3.430582,11.960949,11.949071,2.449666,0.761719,0.000000
09/08/2022,17:03:49:956,387480,1279,35,3.319155,0.225805,0.000186,4.947917,3.054617,10.406555,10.417014,2.130292,0.756958,0.000000
09/08/2022,17:03:50:953,388477,1596,35,3.315205,0.209246,0.000061,4.464224,3.099447,10.656159,10.656159,2.177343,0.770264,0.000000
09/08/2022,17:03:51:964,389488,1988,34,3.313418,0.227687,0.004657,4.634015,3.213690,11.099767,11.096167,2.261178,0.810059,0.000000
09/08/2022,17:03:52:961,390485,1936,35,3.310269,0.238141,0.000612,4.755435,3.178358,10.926077,10.929459,2.232316,0.800049,0.000000
09/08/2022,17:03:53:957,391481,1573,34,3.310096,0.260313,0.000930,4.590716,3.209432,10.967595,10.967595,2.235428,0.775757,0.000000
09/08/2022,17:03:54:968,392492,1947,35,3.310859,0.213934,0.000249,4.486084,3.194215,11.113423,11.113423,2.263387,0.813354,0.000000
09/08/2022,17:03:55:965,393489,726,34,3.306879,0.196206,0.000735,4.633578,3.107712,10.862386,10.862386,2.204872,0.831299,0.000000
09/08/2022,17:03:56:960,394484,862,34,3.304075,0.244824,0.000993,4.275827,3.147191,10.826241,10.840750,2.190593,0.832031,0.000000
09/08/2022,17:03:57:971,395495,1771,34,3.300181,0.276709,0.000622,4.656830,3.093712,10.298011,10.283473,2.112000,0.790161,0.000000
09/08/2022,17:03:58:968,396492,809,35,3.302030,0.232093,0.002018,4.744639,3.266237,11.401017,11.389751,2.305163,0.850586,0.000000
09/08/2022,17:03:59:981,397505,728,35,3.297986,0.238552,0.000993,4.288906,3.149923,10.787428,10.798259,2.199043,0.841309,0.000000
09/08/2022,17:04:00:962,398486,907,35,3.296617,0.259354,0.002933,4.627020,3.222461,10.961263,10.961263,2.241430,0.991089,0.000000
09/08/2022,17:04:01:962,399486,1766,35,3.298919,0.379718,0.002525,4.435603,3.255250,10.583870,10.605668,2.155518,0.789551,0.000000
09/08/2022,17:04:02:972,400496,772,34,3.297794,0.259430,0.003281,4.216864,3.235235,11.039924,11.018583,2.247437,0.830933,0.000000
09/08/2022,17:04:03:985,401509,720,34,3.301459,0.280872,0.003000,4.574302,3.363062,11.669318,11.669318,2.354774,0.851562,0.000000
09/08/2022,17:04:04:966,402490,1369,34,3.299058,0.265991,0.000610,5.232987,3.180060,10.737066,10.737066,2.209738,0.842651,0.000000
09/08/2022,17:04:05:973,403497,1596,34,3.290641,0.251525,0.000821,4.439487,2.999938,10.006655,10.006655,2.049837,0.779541,0.000000
09/08/2022,17:04:06:985,404509,1556,33,3.294641,0.281156,0.001109,4.882812,3.257343,11.080033,11.080033,2.254839,0.776367,0.000000
09/08/2022,17:04:07:982,405506,1486,34,3.294379,0.201514,0.000856,4.486084,3.141476,10.947669,10.947669,2.227180,0.766357,0.000000
09/08/2022,17:04:08:977,406501,1753,35,3.289641,0.212785,0.001987,4.658483,3.107453,10.817854,10.817854,2.180553,0.790283,0.000000
09/08/2022,17:04:09:990,407514,1846,34,3.290898,0.264112,0.002489,4.548990,3.239032,11.075765,11.075765,2.256031,0.799438,0.000000
09/08/2022,17:04:10:989,408513,1256,35,3.291896,0.253794,0.002810,5.220853,3.181160,10.897731,10.897731,2.214558,0.756836,0.000000
09/08/2022,17:04:11:986,409510,1573,35,3.290427,0.195114,0.001300,4.821777,3.099360,10.835571,10.835571,2.201787,0.776001,0.000000
09/08/2022,17:04:12:998,410522,1924,35,3.284171,0.209370,0.001118,5.078885,3.018415,10.338044,10.327675,2.107947,0.800537,0.000000
09/08/2022,17:04:13:978,411502,812,34,3.297109,0.215059,0.000733,4.790527,3.551220,13.207899,13.207899,2.615827,0.833008,0.000000
09/08/2022,17:04:14:987,412511,1952,35,3.305016,0.244519,0.001262,4.653686,3.465370,12.570567,12.583394,2.492062,0.819092,0.000000
09/08/2022,17:04:16:000,413524,1596,35,3.309149,0.283233,0.003811,5.000188,3.284773,11.189960,11.189960,2.276805,0.770996,0.000000
09/08/2022,17:04:16:980,414504,1894,37,3.339114,0.480408,0.000183,4.085103,4.063171,13.549564,13.549564,2.768591,0.840698,1.109375
09/08/2022,17:04:17:985,415509,1190,36,3.362932,0.261408,0.002403,4.889128,3.895814,13.497987,13.497987,2.831246,0.751953,0.000000
09/08/2022,17:04:18:997,416521,901,36,3.373656,0.243895,0.003076,4.987721,3.556959,12.548039,12.548039,2.568821,0.836792,0.000000
09/08/2022,17:04:19:993,417517,1597,35,3.370386,0.227689,0.000795,5.094401,3.113466,10.689958,10.689958,2.185396,0.776001,0.000000
09/08/2022,17:04:21:009,418533,1796,35,3.360293,0.205108,0.138346,3.988569,2.996944,10.239873,10.239873,2.094437,0.788940,0.000000
09/08/2022,17:04:21:991,419515,893,34,3.359296,0.313765,0.000487,4.550991,3.295289,11.239059,11.252516,2.263713,0.832520,0.000000
09/08/2022,17:04:22:998,420522,1960,35,3.357247,0.274091,0.001072,4.376021,3.194888,10.866806,10.852884,2.208329,0.808594,0.000000
09/08/2022,17:04:24:009,421533,935,35,3.351720,0.232278,0.000553,4.720952,3.159568,10.980868,10.980868,2.219934,0.851685,0.000000
09/08/2022,17:04:25:006,422530,1382,35,3.348930,0.291660,0.001651,4.305687,3.194561,10.721983,10.721983,2.184721,0.821655,0.000000
09/08/2022,17:04:26:001,423525,900,35,3.343871,0.243706,0.002484,4.453083,3.164080,10.833342,10.822487,2.201979,0.850464,0.000000
09/08/2022,17:04:27:013,424537,1427,35,3.340898,0.246196,0.000747,4.263742,3.128301,10.621467,10.647994,2.170985,0.765869,0.000000
09/08/2022,17:04:28:013,425537,829,35,3.332450,0.197585,0.002016,4.904271,3.001231,10.219107,10.203546,2.101431,0.839478,0.000000
09/08/2022,17:04:28:993,426517,1767,35,3.331536,0.246555,0.003343,4.589553,3.250215,11.364380,11.364380,2.288209,0.790039,0.000000
09/08/2022,17:04:30:013,427537,1895,35,3.328248,0.252751,0.002659,4.178249,3.156543,10.826640,10.826640,2.191586,0.798584,0.000000
09/08/2022,17:04:31:011,428535,1850,35,3.329614,0.291538,0.001273,4.651484,3.267654,11.057476,11.057476,2.252855,0.801514,0.000000
09/08/2022,17:04:32:007,429531,1459,35,3.324424,0.247800,0.001179,5.100795,3.036065,10.206217,10.209812,2.088956,0.765503,0.000000
09/08/2022,17:04:33:019,430543,1839,35,3.318483,0.222262,0.047956,4.477365,3.113850,10.814069,10.811074,2.188196,0.800659,0.000000
09/08/2022,17:04:34:015,431539,1069,35,3.320734,0.253620,0.005382,3.940105,3.306601,11.491420,11.500156,2.320060,1.296509,0.000000
09/08/2022,17:04:35:009,432533,845,35,3.333041,0.600231,0.006457,4.946780,3.550098,11.383731,11.374845,2.221263,0.860718,0.000000
09/08/2022,17:04:36:020,433544,1497,35,3.322042,0.249746,0.000623,4.485461,2.972101,10.044985,10.053853,2.029957,0.799438,1.007812
09/08/2022,17:04:37:015,434539,1330,35,3.320131,0.236733,0.001775,4.970006,3.116772,10.711248,10.703188,2.175472,0.760742,0.000000
09/08/2022,17:04:38:026,435550,1519,36,3.317532,0.198722,0.001307,4.621233,3.091079,10.756433,10.776266,2.184813,0.770752,0.000000
09/08/2022,17:04:39:023,436547,1711,35,3.313913,0.174412,0.000980,5.336217,3.056410,10.771226,10.770139,2.180559,0.790894,0.000000
09/08/2022,17:04:40:019,437543,1453,35,3.309789,0.215951,0.000931,4.890951,3.041016,10.449182,10.430529,2.124599,0.765991,0.000000
09/08/2022,17:04:41:031,438555,1796,35,3.305909,0.177885,0.268555,4.213170,3.071958,10.812966,10.802121,2.181394,0.799683,0.000000
09/08/2022,17:04:42:027,439551,1725,35,3.308035,0.261772,0.001408,4.366965,3.282736,11.263700,11.274841,2.289573,0.781006,0.000000
09/08/2022,17:04:43:023,440547,1258,34,3.305539,0.280501,0.003978,4.852295,3.096011,10.317027,10.306669,2.104732,0.756958,0.000000
09/08/2022,17:04:44:036,441560,839,34,3.302281,0.198333,0.000559,4.385253,3.175506,11.250855,11.262151,2.258914,0.935303,0.000000
09/08/2022,17:04:45:035,442559,976,35,3.304024,0.277682,0.000428,4.455139,3.282335,11.400607,11.407845,2.292825,0.830200,0.000000
09/08/2022,17:04:46:028,443552,874,34,3.302598,0.260933,0.004523,4.734420,3.152574,10.783672,10.801145,2.178448,1.154419,0.000000
09/08/2022,17:04:47:021,444545,1916,34,3.298352,0.293767,0.001372,4.733213,3.069277,10.247704,10.222775,2.078023,0.801147,0.000000
09/08/2022,17:04:48:026,445550,1098,35,3.293887,0.225437,0.001559,4.336006,3.095711,10.716311,10.729833,2.164108,0.743408,0.000000
09/08/2022,17:04:49:039,446563,1995,35,3.296747,0.219320,0.004804,4.751243,3.261532,11.519915,11.521373,2.316479,0.810669,0.000000
09/08/2022,17:04:50:035,447559,1583,34,3.293928,0.207849,0.004338,3.978017,3.085945,10.707388,10.704674,2.167954,0.770996,0.000000
09/08/2022,17:04:51:032,448556,756,35,3.281872,0.186393,0.000372,4.292881,2.909818,9.923692,9.911509,2.026526,0.828125,0.000000
09/08/2022,17:04:52:042,449566,1568,34,3.279097,0.276581,0.003970,4.531412,3.164524,10.749289,10.749289,2.180080,0.775757,0.000000
09/08/2022,17:04:53:041,450565,827,34,3.275603,0.231946,0.000858,4.729367,3.136263,10.771255,10.771255,2.195088,0.861206,0.000000
09/08/2022,17:04:54:036,451560,1579,35,3.276031,0.240736,0.002169,4.596081,3.155363,10.878004,10.878004,2.215472,0.775757,0.000000
09/08/2022,17:04:55:032,452556,1636,36,3.268531,0.210730,0.000062,4.346513,2.953143,10.034670,10.034670,2.042193,0.790649,0.000000
09/08/2022,17:04:56:043,453567,1673,34,3.266846,0.227235,0.004972,4.289287,3.088491,10.630045,10.630045,2.149344,0.781006,0.000000
09/08/2022,17:04:57:039,454563,917,36,3.260202,0.212858,0.000490,4.328647,3.041779,10.582446,10.582446,2.130616,0.832397,0.000000
09/08/2022,17:04:58:037,455561,1831,35,3.254220,0.238733,0.000932,4.794687,2.999051,10.070740,10.070740,2.062939,0.815063,0.000000
09/08/2022,17:04:59:047,456571,1900,34,3.257125,0.245319,0.004342,4.752023,3.209308,11.221531,11.221531,2.252063,0.810913,0.000000
09/08/2022,17:05:00:044,457568,1584,35,3.254399,0.201551,0.100272,4.564558,3.050593,10.654408,10.654408,2.149163,0.775879,0.000000
09/08/2022,17:05:01:037,458561,845,35,3.256085,0.227500,0.000497,5.126456,3.201583,11.167105,11.167105,2.261239,1.028931,0.000000
09/08/2022,17:05:02:043,459567,1921,35,3.257768,0.288031,0.003367,4.591709,3.194526,10.929227,10.929227,2.191672,0.809692,0.000000
09/08/2022,17:05:03:055,460579,835,35,3.256125,0.273366,0.004615,4.625338,3.160784,10.790785,10.796737,2.179489,0.832275,0.000000
09/08/2022,17:05:04:037,461561,1496,35,3.263011,0.246037,0.004648,4.752023,3.295898,11.567699,11.570203,2.324704,0.766968,0.000000
09/08/2022,17:05:05:044,462568,803,35,3.257884,0.199751,0.001955,4.497208,3.061342,10.744241,10.732802,2.158171,0.828491,0.000000
09/08/2022,17:05:06:056,463580,671,35,3.256482,0.229281,0.001965,4.927798,3.132565,10.795714,10.809587,2.192477,0.849976,0.000000
09/08/2022,17:05:07:052,464576,1629,34,3.258881,0.263344,0.000856,5.501883,3.154319,10.829484,10.819161,2.193406,0.780762,0.000000
09/08/2022,17:05:08:049,465573,1861,35,3.254148,0.180433,0.039237,4.298619,3.039265,10.686172,10.686172,2.152960,0.815430,0.000000
09/08/2022,17:05:09:059,466583,835,35,3.251435,0.242092,0.001118,5.125835,3.120554,10.719781,10.719781,2.178533,0.832275,0.000000
09/08/2022,17:05:10:058,467582,934,35,3.245557,0.243896,0.004964,4.520357,3.046243,10.217769,10.217769,2.095923,0.883789,0.000000
09/08/2022,17:05:11:053,468577,764,34,3.244165,0.278593,0.001425,4.118448,3.170916,10.758027,10.747258,2.174416,0.839966,0.000000
09/08/2022,17:05:12:063,469587,1822,35,3.244541,0.244576,0.004231,4.765102,3.100225,10.563678,10.574295,2.154204,0.800049,0.000000
09/08/2022,17:05:13:061,470585,1786,34,3.239700,0.221467,0.000123,4.503523,2.969091,10.045118,10.045118,2.047760,0.789795,0.000000
09/08/2022,17:05:14:056,471580,1721,35,3.241292,0.201590,0.000744,4.581252,3.177426,11.313237,11.301901,2.260136,0.790649,0.000000
09/08/2022,17:05:15:068,472592,1896,34,3.245634,0.260860,0.001305,4.506577,3.245057,11.126476,11.126476,2.265593,0.809448,0.000000
09/08/2022,17:05:16:049,473573,1726,35,3.245897,0.201820,0.005198,5.061223,3.106616,10.836273,10.846992,2.189840,0.790405,0.000000
09/08/2022,17:05:17:057,474581,972,34,3.237721,0.218541,0.000567,4.346589,2.949633,10.060473,10.060473,2.041570,0.830322,0.000000
09/08/2022,17:05:18:067,475591,1957,35,3.235538,0.231983,0.000860,5.050973,3.109354,10.708158,10.715061,2.174537,0.808350,0.000000
09/08/2022,17:05:19:065,476589,1898,35,3.242135,0.247140,0.000551,4.976162,3.307408,11.599036,11.592147,2.334912,0.800537,0.000000
09/08/2022,17:05:20:061,477585,810,35,3.246130,0.275216,0.001365,4.231859,3.319779,11.298659,11.298659,2.309602,0.832642,0.000000
09/08/2022,17:05:21:072,478596,1666,34,3.241116,0.244451,0.000683,5.031041,2.971475,9.942848,9.942848,2.037546,0.780762,0.000000
09/08/2022,17:05:22:068,479592,1855,35,3.247099,0.243405,0.000184,4.734584,3.258211,11.246181,11.265760,2.294076,0.797852,0.000000
09/08/2022,17:05:23:066,480590,1795,34,3.244613,0.197883,0.043597,4.042741,3.065245,10.699824,10.692049,2.156739,0.800537,0.000000
09/08/2022,17:05:24:061,481585,1375,35,3.248611,0.224044,0.003846,5.654471,3.197771,11.166924,11.154864,2.270728,0.761108,0.000000
09/08/2022,17:05:25:073,482597,1538,35,3.244855,0.204695,0.000311,4.634312,3.011565,10.315554,10.315554,2.103167,0.770630,0.000000
09/08/2022,17:05:26:069,483593,1674,35,3.244176,0.201575,0.005076,4.760742,3.066130,10.660143,10.660143,2.159933,0.788818,0.000000
09/08/2022,17:05:27:066,484590,1336,35,3.241022,0.183665,0.001927,4.621233,3.016019,10.518249,10.518249,2.127958,0.761475,0.000000
09/08/2022,17:05:28:079,485603,748,34,3.233206,0.193102,0.000248,4.647143,2.975635,10.177934,10.206645,2.082542,0.840820,0.000000
09/08/2022,17:05:29:078,486602,1797,35,3.236428,0.240353,0.002138,5.201067,3.174989,11.112500,11.092597,2.231850,0.804077,0.000000
09/08/2022,17:05:30:073,487597,1896,34,3.238690,0.207953,0.318255,5.281285,3.180149,11.072021,11.070374,2.252319,0.817749,0.000000
09/08/2022,17:05:31:084,488608,847,35,3.236121,0.217760,0.004040,4.752007,3.123856,10.894193,10.887322,2.203160,0.849243,0.000000
09/08/2022,17:05:32:082,489606,1895,34,3.237695,0.277505,0.002081,4.507882,3.138015,10.437676,10.437676,2.144924,0.807739,0.000000
09/08/2022,17:05:33:079,490603,1648,34,3.235201,0.212569,0.000682,4.672867,3.065094,10.567766,10.567766,2.144295,0.784058,0.000000
09/08/2022,17:05:34:091,491615,807,34,3.246346,0.288304,0.001116,4.905171,3.477019,12.144710,12.145996,2.449495,0.855469,0.000000
09/08/2022,17:05:35:070,492594,1715,35,3.248119,0.255761,0.003303,4.474062,3.256268,11.161171,11.158929,2.273560,0.790283,0.000000
09/08/2022,17:05:36:096,493620,1497,35,3.246927,0.290833,0.003303,4.929763,3.063889,10.097983,10.097983,2.075382,0.760864,0.000000
09/08/2022,17:05:37:079,494603,1695,34,3.247779,0.202748,0.075120,4.929763,3.123638,10.919523,10.919523,2.212733,0.779907,0.000000
09/08/2022,17:05:38:089,495613,1756,31,3.255066,0.289681,0.000252,4.603795,3.374318,11.528256,11.540860,2.344793,0.799194,0.000000
09/08/2022,17:05:39:083,496607,1574,34,3.257783,0.241996,0.003125,4.612514,3.193377,10.950674,10.950553,2.235700,0.780518,0.000000
09/08/2022,17:05:40:077,497601,698,35,3.254245,0.222965,0.001308,4.908970,2.992653,10.130731,10.118389,2.068809,0.736206,0.000000
09/08/2022,17:05:41:085,498609,1896,34,3.251205,0.189265,0.104632,4.633222,3.102963,10.944144,10.945413,2.215203,0.807983,0.000000
09/08/2022,17:05:42:097,499621,851,35,3.253842,0.258429,0.002464,4.843576,3.159909,10.750544,10.756613,2.199148,1.308105,0.000000
09/08/2022,17:05:43:094,500618,828,35,3.265484,0.602829,0.001529,4.353765,3.456314,10.911602,10.904124,2.130863,0.856812,0.000000
09/08/2022,17:05:44:104,501628,1507,35,3.271535,0.259725,0.002235,4.586356,3.273918,11.415043,11.415043,2.298766,0.776001,0.000000
09/08/2022,17:05:45:103,502627,1765,35,3.274411,0.262341,0.001716,4.514886,3.252206,11.134323,11.146591,2.264344,0.788086,0.000000
09/08/2022,17:05:46:097,503621,1491,35,3.278385,0.271625,0.001671,4.194323,3.219930,11.017671,11.005268,2.236856,0.760986,0.000000
09/08/2022,17:05:47:110,504634,1619,34,3.272146,0.193818,0.122070,4.861014,2.919909,9.917322,9.917322,2.036634,0.770508,0.000000
09/08/2022,17:05:48:090,505614,1410,35,3.271574,0.213074,0.087193,4.289900,3.078701,10.726357,10.726357,2.162956,0.762085,0.000000
09/08/2022,17:05:49:099,506623,1418,35,3.274263,0.223585,0.065104,4.668511,3.293495,11.736375,11.736375,2.357522,0.766113,0.000000
09/08/2022,17:05:50:109,507633,1425,34,3.275499,0.254857,0.001725,5.039760,3.157630,10.717180,10.731783,2.196051,0.765991,0.000000
09/08/2022,17:05:51:107,508631,1696,35,3.271949,0.235010,0.113351,4.516602,3.058070,10.360083,10.334884,2.122150,0.784790,0.000000
09/08/2022,17:05:52:101,509625,1300,35,3.278140,0.255182,0.000434,4.913330,3.307249,11.279835,11.313276,2.318908,0.760864,0.000000
09/08/2022,17:05:53:113,510637,712,35,3.273166,0.198738,0.318255,3.819057,3.052131,10.649621,10.616679,2.149125,0.827148,0.000000
09/08/2022,17:05:54:110,511634,797,33,3.273870,0.288541,0.005688,4.534389,3.188200,10.864077,10.874823,2.188512,0.851318,0.000000
09/08/2022,17:05:55:109,512633,1569,35,3.274841,0.241600,0.005688,5.225548,3.129214,10.556085,10.571314,2.179775,0.771118,0.000000
09/08/2022,17:05:56:103,513627,911,35,3.270445,0.198890,0.183105,5.301339,3.052563,10.664229,10.649016,2.147602,0.853882,0.000000
09/08/2022,17:05:57:111,514635,1665,35,3.270038,0.226684,0.004457,5.004786,3.123254,10.751899,10.775407,2.190735,0.784790,0.000000
09/08/2022,17:05:58:122,515646,1584,35,3.265120,0.241991,0.002211,5.002672,3.045556,10.325951,10.302347,2.102443,0.770874,0.000000
09/08/2022,17:05:59:134,516658,1511,34,3.264034,0.229096,0.001590,4.520961,3.135505,10.719307,10.719307,2.195456,0.776001,0.000000
09/08/2022,17:06:00:118,517642,1133,35,3.287524,0.717010,0.002997,5.105155,3.823382,12.310930,12.324634,2.369625,0.840942,0.000000
09/08/2022,17:06:01:108,518632,1098,35,3.294481,0.283279,0.003209,5.273984,3.344727,11.538126,11.512346,2.330140,0.749634,0.000000
09/08/2022,17:06:02:118,519642,1397,35,3.287005,0.224150,0.000312,4.760430,2.994159,10.061306,10.071849,2.073964,0.765991,0.000000
09/08/2022,17:06:03:131,520655,1345,35,3.286999,0.230122,0.003245,5.408654,3.138995,10.819161,10.819539,2.210198,0.755859,0.000000
09/08/2022,17:06:04:128,521652,645,34,3.288865,0.216403,0.004338,5.746046,3.206331,11.263700,11.263700,2.285776,0.820679,0.000000
09/08/2022,17:06:05:123,522647,777,34,3.287422,0.224147,0.001490,4.856655,3.151662,10.951372,10.940399,2.215019,0.927612,0.000000
09/08/2022,17:06:06:119,523643,1889,34,3.278855,0.222676,0.000124,5.057074,2.947731,9.899596,9.909555,2.036857,0.798218,0.000000
09/08/2022,17:06:07:132,524656,1621,34,3.276750,0.232394,0.001678,4.063263,3.172212,10.940781,10.940781,2.224141,0.785522,0.000000
09/08/2022,17:06:08:128,525652,805,34,3.275621,0.252091,0.002813,4.664342,3.164777,10.783099,10.783099,2.196543,0.831421,0.000000
09/08/2022,17:06:09:122,526646,1872,35,3.277010,0.239910,0.002178,6.029402,3.194733,11.070182,11.070182,2.256890,0.799805,0.000000
09/08/2022,17:06:10:134,527658,1835,35,3.271424,0.210357,0.001244,5.028358,3.021022,10.308010,10.308010,2.110502,0.800049,0.000000
09/08/2022,17:06:11:131,528655,1688,35,3.270360,0.213898,0.000672,4.910311,3.113648,10.823427,10.823427,2.192682,0.780762,0.000000
09/08/2022,17:06:12:127,529651,1517,35,3.269152,0.221997,0.000124,4.579381,3.137008,10.877604,10.877604,2.216102,0.776123,0.000000
09/08/2022,17:06:13:138,530662,1855,35,3.262371,0.199141,0.001119,5.797221,2.984569,10.160209,10.160209,2.096910,0.799927,0.000000
09/08/2022,17:06:14:136,531660,1643,34,3.261518,0.226816,0.002694,5.375453,3.077164,10.380263,10.380263,2.148063,0.781006,0.000000
09/08/2022,17:06:15:132,532656,1796,35,3.261756,0.217097,0.000310,5.044120,3.159376,11.125907,11.134661,2.230658,0.790039,0.000000
09/08/2022,17:06:16:143,533667,880,35,3.262910,0.229860,0.074114,4.139056,3.198441,11.108766,11.100011,2.250648,0.831543,0.000000
09/08/2022,17:06:17:112,534636,1559,35,3.260190,0.214420,0.004473,4.602051,3.032393,10.225866,10.234025,2.106769,0.776001,0.000000
09/08/2022,17:06:18:145,535669,1298,35,3.256246,0.208926,0.001086,4.031929,3.062431,10.650572,10.631117,2.150922,0.777100,0.000000
09/08/2022,17:06:19:117,536641,784,35,3.259651,0.266161,0.000898,4.825239,3.277091,11.166479,11.177300,2.297141,0.847900,0.000000
09/08/2022,17:06:20:134,537658,1429,34,3.257528,0.220592,0.001400,5.106773,3.126158,10.892264,10.892264,2.204180,0.764648,0.000000
09/08/2022,17:06:21:147,538671,1613,35,3.255421,0.240794,0.003164,4.996164,3.049750,10.151881,10.167005,2.104303,0.785645,0.000000
09/08/2022,17:06:22:144,539668,1746,34,3.255468,0.234671,0.065395,4.981743,3.195273,11.142776,11.127577,2.250641,0.789673,0.000000
09/08/2022,17:06:23:138,540662,1623,35,3.254972,0.241660,0.001116,4.641915,3.179162,10.906866,10.906866,2.219772,0.782471,0.000000
09/08/2022,17:06:24:152,541676,1796,35,3.259212,0.259586,0.004360,5.725098,3.269678,11.144958,11.170170,2.297805,0.790894,0.000000
09/08/2022,17:06:25:148,542672,1350,35,3.258443,0.221963,0.002138,4.890951,3.079923,10.563476,10.546682,2.161210,0.760986,0.000000
09/08/2022,17:06:26:153,543677,954,38,3.319246,1.152824,0.162760,6.030273,4.741890,14.936928,14.928831,2.799957,1.301758,0.000000
09/08/2022,17:06:27:125,544649,1896,36,3.351881,0.372808,0.134277,5.350167,4.105878,15.586253,15.595363,2.972971,0.809204,0.000000
09/08/2022,17:06:28:145,545669,1786,35,3.346537,0.212158,0.002676,5.137356,3.113621,10.759456,10.738988,2.193812,0.789795,0.000000
09/08/2022,17:06:29:140,546664,1926,34,3.339814,0.216508,0.005466,5.631510,2.987504,10.073194,10.083080,2.085248,0.811646,0.000000
09/08/2022,17:06:30:152,547676,947,35,3.335073,0.169853,0.000124,4.068886,3.158772,11.281699,11.281699,2.274172,0.822388,0.000000
09/08/2022,17:06:31:136,548660,805,35,3.332487,0.257364,0.001041,4.585986,3.219130,10.993331,10.993331,2.233343,0.828979,0.000000
09/08/2022,17:06:32:144,549668,1097,35,3.323973,0.260924,0.003771,4.679660,3.035163,10.018325,10.029801,2.074701,0.760498,0.000000
09/08/2022,17:06:33:155,550679,1796,35,3.319573,0.226008,0.003811,4.412519,3.149549,10.793958,10.782757,2.208550,0.798584,0.000000
09/08/2022,17:06:34:152,551676,1630,34,3.316913,0.252099,0.004347,4.695360,3.183562,10.855021,10.855021,2.210366,0.786255,0.000000
09/08/2022,17:06:35:148,552672,1731,35,3.323063,0.238428,0.004595,4.288211,3.442495,12.390871,12.398699,2.467887,0.790894,0.000000
09/08/2022,17:06:36:160,553684,1805,35,3.312465,0.221618,0.003733,4.891286,2.934229,9.855552,9.837813,2.022188,0.799683,0.000000
09/08/2022,17:06:37:157,554681,1030,35,3.306180,0.194676,0.004347,4.498170,3.090938,10.723250,10.733856,2.183306,0.819458,0.000000
09/08/2022,17:06:38:152,555676,1959,35,3.301396,0.234216,0.000806,4.620427,3.112607,10.721434,10.736739,2.169928,0.809082,0.000000
09/08/2022,17:06:39:163,556687,983,35,3.297291,0.228337,0.000747,4.353841,3.090519,10.650022,10.634702,2.157433,0.831299,0.000000
09/08/2022,17:06:40:160,557684,1514,35,3.293845,0.185312,0.001593,4.618327,3.054148,10.563373,10.564757,2.160862,0.770630,0.000000
09/08/2022,17:06:41:156,558680,1825,35,3.286998,0.192553,0.109863,4.071045,3.037462,10.633096,10.621097,2.140459,0.800293,0.000000
09/08/2022,17:06:42:169,559693,1684,34,3.283472,0.235812,0.004848,4.441999,3.130942,10.741330,10.752125,2.180291,0.785522,0.000000
09/08/2022,17:06:43:164,560688,1524,35,3.282494,0.247929,0.001161,5.230243,3.114992,10.591257,10.591257,2.159873,0.776001,0.000000
09/08/2022,17:06:44:160,561684,871,35,3.270391,0.180930,0.000062,4.686566,2.882015,9.903031,9.903031,2.013241,0.820923,0.000000
09/08/2022,17:06:45:173,562697,1846,35,3.270397,0.239293,0.004910,4.651200,3.220941,11.213065,11.213065,2.263877,0.800049,0.000000
09/08/2022,17:06:46:153,563677,1515,34,3.270481,0.250250,0.004460,4.538400,3.134727,10.671100,10.671100,2.169068,0.770996,0.000000
09/08/2022,17:06:47:160,564684,949,35,3.264611,0.189613,0.000063,4.520607,3.033877,10.625536,10.647022,2.144692,0.836670,0.000000
09/08/2022,17:06:48:172,565696,1799,35,3.260339,0.242849,0.002769,4.409201,3.084613,10.489440,10.468529,2.131013,0.801880,0.000000
09/08/2022,17:06:49:169,566693,908,34,3.261382,0.216681,0.004403,5.607678,3.139396,10.813365,10.802680,2.209195,0.850708,0.000000
09/08/2022,17:06:50:148,567672,1518,35,3.260667,0.166386,0.039237,4.477365,3.126639,11.319208,11.330562,2.253092,0.776245,0.000000
09/08/2022,17:06:51:186,568710,1356,34,3.252350,0.209164,0.006009,5.398377,2.915899,9.868286,9.868286,2.012534,1.294556,0.000000
09/08/2022,17:06:52:161,569685,1486,35,3.266830,0.543552,0.001367,5.083357,3.484531,11.288273,11.288273,2.231096,0.765503,0.000000
09/08/2022,17:06:53:169,570693,998,34,3.261263,0.192378,0.047956,4.411201,3.042993,10.652982,10.652982,2.151068,0.742065,0.000000
09/08/2022,17:06:54:180,571704,1601,34,3.259065,0.200905,0.002032,4.847935,3.063706,10.573204,10.573204,2.157386,0.780518,0.000000
09/08/2022,17:06:55:178,572702,1767,34,3.259008,0.213715,0.000122,4.752023,3.091305,10.718039,10.718039,2.173479,0.789307,0.000000
09/08/2022,17:06:56:173,573697,1560,34,3.257540,0.198736,0.000186,4.782540,3.067203,10.701395,10.701395,2.164546,0.776245,0.000000
09/08/2022,17:06:57:192,574716,1087,35,3.250635,0.175204,0.209263,3.701346,3.012499,10.569326,10.594047,2.140770,0.838867,0.000000
09/08/2022,17:06:58:171,575695,1583,33,3.248869,0.234667,0.003583,4.244464,3.103805,10.501757,10.477642,2.142633,0.775879,0.000000
09/08/2022,17:06:59:175,576699,1343,34,3.246019,0.228961,0.003542,4.896709,3.052517,10.292373,10.305091,2.115844,0.761230,0.000000
09/08/2022,17:07:00:184,577708,1806,35,3.245828,0.185512,0.002037,4.728188,3.171668,11.323634,11.311220,2.273271,0.799683,0.000000
09/08/2022,17:07:01:179,578703,1853,35,3.252280,0.300698,0.002208,4.619818,3.339513,11.378974,11.390346,2.304654,0.799805,0.000000
09/08/2022,17:07:02:185,579709,1896,34,3.252994,0.243272,0.000744,5.300595,3.183318,11.007920,11.005037,2.234511,0.805542,0.000000
09/08/2022,17:07:03:182,580706,1883,34,3.250072,0.267583,0.005107,4.409770,3.072493,10.306205,10.287424,2.103440,0.799805,0.000000
09/08/2022,17:07:04:177,581701,1896,35,3.248710,0.223319,0.002175,4.796127,3.132869,10.834138,10.834138,2.190525,0.799561,0.000000
09/08/2022,17:07:05:188,582712,1916,34,3.254254,0.254520,0.004226,4.622396,3.279863,11.429691,11.441178,2.307080,0.810425,0.000000
09/08/2022,17:07:06:185,583709,1493,35,3.247677,0.189479,0.000306,4.471842,2.929810,9.985738,9.985738,2.047968,0.765991,0.000000
09/08/2022,17:07:07:181,584705,1211,34,3.248274,0.203554,0.002983,5.114746,3.107696,10.838423,10.838423,2.195245,0.756836,0.000000
09/08/2022,17:07:08:192,585716,1796,34,3.243001,0.183292,0.288900,4.441325,3.048647,10.712160,10.725887,2.164877,0.799194,0.000000
09/08/2022,17:07:09:188,586712,1913,34,3.240300,0.240960,0.001407,4.031855,3.126016,10.644326,10.630803,2.173141,0.799683,0.000000
09/08/2022,17:07:10:186,587710,1532,35,3.243613,0.270645,0.003982,4.772949,3.190813,10.847161,10.855188,2.205538,0.775879,0.000000
09/08/2022,17:07:11:197,588721,1834,35,3.238729,0.212102,0.000373,4.178501,3.064983,10.642012,10.634000,2.152621,0.800049,0.000000
09/08/2022,17:07:12:194,589718,1651,35,3.240825,0.262157,0.002512,4.760742,3.168987,10.737293,10.737293,2.186690,0.780762,0.000000
09/08/2022,17:07:13:189,590713,1623,34,3.235417,0.175724,0.070425,4.610502,3.038918,10.605608,10.613444,2.162765,0.780518,0.000000
09/08/2022,17:07:14:201,591725,1797,35,3.230537,0.300141,0.000497,3.883954,3.065991,10.008050,10.000206,2.055034,0.795288,0.000000
09/08/2022,17:07:15:187,592711,1791,35,3.235877,0.254293,0.004159,4.374097,3.271007,11.301998,11.301998,2.290174,0.789551,0.000000
09/08/2022,17:07:16:193,593717,1796,35,3.233086,0.211769,0.000880,4.603460,3.096450,10.763544,10.763544,2.183166,0.790039,0.000000
09/08/2022,17:07:17:205,594729,1551,35,3.235750,0.258012,0.003637,5.493886,3.238254,11.198099,11.198099,2.270946,0.775635,0.000000
09/08/2022,17:07:18:203,595727,1636,35,3.234444,0.250929,0.003364,4.507882,3.063806,10.251856,10.251856,2.099863,0.780762,0.000000
09/08/2022,17:07:19:199,596723,1793,35,3.232693,0.209653,0.000868,4.602926,3.131959,10.925293,10.925293,2.208213,0.790527,0.000000
09/08/2022,17:07:20:194,597718,1624,36,3.235743,0.265708,0.002113,4.613084,3.277812,11.373497,11.362089,2.290044,0.780762,0.000000
09/08/2022,17:07:21:206,598730,1755,35,3.229721,0.237614,0.002673,4.261650,3.019127,10.032892,10.032892,2.079669,0.790649,0.000000
09/08/2022,17:07:22:202,599726,1664,35,3.232547,0.270648,0.000612,5.000523,3.169114,10.799906,10.799906,2.191168,0.780273,0.000000
09/08/2022,17:07:23:198,600722,1813,35,3.227913,0.195163,0.000622,4.428787,3.059030,10.653114,10.663810,2.157066,0.790039,0.000000
09/08/2022,17:07:24:209,601733,1578,35,3.227883,0.254893,0.002548,4.644843,3.137282,10.637477,10.637477,2.171896,0.779053,0.000000
09/08/2022,17:07:25:222,602746,1758,36,3.228177,0.232765,0.004587,4.760515,3.134259,10.835550,10.835550,2.197688,0.791992,0.000000
09/08/2022,17:07:26:203,603727,1052,35,3.235676,0.262121,0.001040,4.669189,3.315163,11.527563,11.516183,2.321085,0.751587,0.000000
09/08/2022,17:07:27:210,604734,1231,35,3.231795,0.179886,0.043597,4.398891,3.034085,10.575864,10.586644,2.148114,0.756836,0.000000
09/08/2022,17:07:28:207,605731,1597,35,3.230217,0.195890,0.002582,4.410807,3.070689,10.584599,10.584599,2.158513,0.770874,0.000000
09/08/2022,17:07:29:217,606741,1633,35,3.221401,0.194841,0.000807,4.572135,2.894855,9.827027,9.817181,2.007297,0.780640,0.000000
09/08/2022,17:07:30:214,607738,1855,34,3.223251,0.230291,0.004902,4.829954,3.223772,11.331267,11.342498,2.275644,0.805054,0.000000
09/08/2022,17:07:31:211,608735,1840,34,3.235840,0.300022,0.000869,4.520092,3.492229,11.978272,11.966258,2.445385,0.811035,0.000000
09/08/2022,17:07:32:205,609729,1748,33,3.233348,0.227562,0.004843,5.139549,3.042258,10.329450,10.338082,2.113580,0.788940,0.000000
09/08/2022,17:07:33:218,610742,1696,34,3.228342,0.192198,0.000872,4.210554,2.987546,10.163550,10.165117,2.092327,0.790649,0.000000
09/08/2022,17:07:34:216,611740,1902,35,3.231862,0.222879,0.000672,4.821777,3.184887,10.925534,10.947948,2.240466,0.799438,0.000000
09/08/2022,17:07:35:216,612740,1797,35,3.239896,0.273294,0.001737,4.579715,3.395081,11.965643,11.942892,2.395935,0.803711,0.000000
09/08/2022,17:07:36:220,613744,1242,35,3.246869,0.270750,0.000992,4.275828,3.321206,11.412964,11.427795,2.312249,0.756958,0.000000
09/08/2022,17:07:37:230,614754,823,35,3.248544,0.268740,0.002035,4.501488,3.253482,11.178127,11.163354,2.268585,0.822754,0.000000
09/08/2022,17:07:38:226,615750,1637,34,3.251766,0.265589,0.004351,4.756391,3.213293,10.913811,10.913811,2.236787,0.781006,0.000000
09/08/2022,17:07:39:221,616745,695,34,3.249131,0.206537,0.002175,4.309522,3.139581,10.949989,10.965738,2.218652,0.841675,0.000000
09/08/2022,17:07:40:235,617759,1304,35,3.254424,0.279320,0.001616,5.004883,3.244373,11.073679,11.057914,2.252841,0.756226,0.000000
09/08/2022,17:07:41:216,618740,1662,34,3.254522,0.210449,0.291091,4.086002,3.138977,10.880570,10.900494,2.213397,0.780151,0.000000
09/08/2022,17:07:42:224,619748,1790,33,3.255178,0.235809,0.004418,4.313819,3.221798,11.052776,11.032182,2.254207,0.789917,0.000000
09/08/2022,17:07:43:253,620777,1502,35,3.259715,0.285241,0.004245,4.786900,3.228218,10.849348,10.863409,2.225809,0.770996,0.000000
