Date,Time,Relative Time(mS),CPU0-Frequency(MHz),CPU0-DTS(Degree C),Power-EWMA Power(Watts),Power-IA Power(Watts),Power-GT Power(Watts),Power-Rest of Package Power(Watts),Power-Package Power(Watts),Power-Effective EWMA PeciMmio(Watts),Power-MSR Psys Power(Watts),Power-SA Power(Watts),Voltage-IA Target voltage(Volts),Voltage-GT Target Voltage(Volts)
18/08/2022,13:04:05:102,8572725,1989,72,8.653670,12.065995,0.163376,6.830973,19.060344,8.433144,40.692893,5.469016,0.848877,0.000000
18/08/2022,13:04:05:989,8573612,809,60,9.052701,11.987824,0.016020,6.975946,18.979790,8.840696,37.505879,5.289153,0.713135,0.000000
18/08/2022,13:04:07:083,8574706,709,51,8.918756,0.888996,0.003437,3.936768,4.829201,8.775107,15.349784,3.124651,0.717163,0.000000
18/08/2022,13:04:08:039,8575662,799,47,8.744763,0.418981,0.000670,4.041839,4.461491,8.818538,15.844091,3.185032,0.727661,0.000000
18/08/2022,13:04:09:051,8576674,699,46,8.574672,0.467596,0.002171,3.293259,3.763025,8.646109,12.322653,2.518994,0.723999,0.000000
18/08/2022,13:04:10:037,8577660,699,46,8.436296,0.491237,0.000543,4.254307,4.746087,8.505151,18.043970,3.488835,0.723022,0.000000
18/08/2022,13:04:11:055,8578678,699,45,8.324475,0.505242,0.000681,4.754923,5.260847,8.474280,20.294561,3.939553,0.727783,0.000000
18/08/2022,13:04:12:037,8579660,2045,55,8.513810,8.261514,0.002886,5.283117,13.547517,8.658004,31.079114,4.280188,1.266724,0.000000
18/08/2022,13:04:13:053,8580676,1458,65,8.837004,12.255946,0.001430,5.471721,17.729097,8.976140,35.921676,4.412245,0.857544,0.000000
18/08/2022,13:04:14:039,8581662,699,49,8.705291,0.992675,0.000539,4.224603,5.217817,8.815909,16.898139,3.379664,0.717651,0.000000
18/08/2022,13:04:15:046,8582669,823,47,8.588497,0.466425,0.001118,4.910947,5.378490,8.695354,20.669624,4.009954,0.729980,0.000000
18/08/2022,13:04:16:045,8583668,732,47,8.467719,0.442716,0.000725,4.796759,5.240201,8.568713,20.587152,3.956364,0.727295,0.000000
18/08/2022,13:04:17:054,8584677,699,46,8.349784,0.431523,0.000611,4.730107,5.162241,8.474225,19.845835,3.851141,0.724121,0.000000
18/08/2022,13:04:18:052,8585675,799,46,8.200293,0.556394,0.001875,3.643105,4.201374,8.320403,14.792587,2.900108,0.730957,0.000000
18/08/2022,13:04:19:049,8586672,4127,54,8.421345,8.759219,0.001471,5.653902,14.414592,8.537182,31.344638,4.626697,1.277344,0.000000
18/08/2022,13:04:20:057,8587680,4176,58,8.698653,10.225040,0.001835,5.974657,16.201531,8.810361,33.904509,4.871365,0.730103,0.000000
18/08/2022,13:04:21:053,8588676,1062,58,8.967970,10.234147,0.000788,5.952170,16.187105,9.075660,33.734034,4.888202,1.256470,0.000000
18/08/2022,13:04:22:049,8589672,1196,60,9.242744,10.690844,0.000736,6.008742,16.700323,9.346608,33.963552,4.928466,1.256470,0.000000
18/08/2022,13:04:23:042,8590665,1650,61,9.491357,10.695860,0.000735,5.535264,16.231859,9.859211,31.931529,4.447899,1.050171,0.000000
18/08/2022,13:04:24:060,8591683,4135,61,9.729824,10.238862,0.001781,5.968094,16.208737,10.084392,33.861957,4.928185,1.261475,0.000000
18/08/2022,13:04:25:041,8592664,1302,61,9.986692,10.708459,0.002461,6.090973,16.801892,10.328622,34.471102,4.981216,1.271362,0.000000
18/08/2022,13:04:26:066,8593689,1199,63,10.226306,10.708901,0.003235,6.113699,16.825836,10.556024,34.324591,4.995016,1.271484,0.000000
18/08/2022,13:04:27:048,8594671,1272,63,10.463640,10.774283,0.001786,5.933510,16.709580,10.781288,33.854028,4.786049,0.995117,0.000000
18/08/2022,13:04:28:061,8595684,3384,66,10.680901,10.914252,0.001116,5.730482,16.645850,10.987386,34.124284,4.641182,1.188843,0.000000
18/08/2022,13:04:29:062,8596685,798,58,10.762100,7.692536,0.001083,5.229461,12.923081,11.057485,27.871561,4.281014,0.709473,0.000000
18/08/2022,13:04:30:044,8597667,798,53,10.568839,0.487793,0.000488,4.867935,5.356216,10.904383,20.272147,3.975761,0.718262,0.000000
18/08/2022,13:04:31:078,8598701,699,50,10.360997,0.398531,0.000186,4.243874,4.642592,10.684549,16.698559,3.344801,0.723877,0.000000
18/08/2022,13:04:32:050,8599673,799,49,10.148318,0.425769,0.002541,4.167898,4.596207,10.456996,16.830356,3.336569,0.716919,0.000000
18/08/2022,13:04:33:077,8600700,684,48,9.925058,0.547372,0.001317,3.174895,3.723584,10.223251,11.620667,2.384574,0.718506,0.000000
18/08/2022,13:04:34:074,8601697,758,48,9.701594,0.518531,0.001010,3.313014,3.832556,9.988621,12.490946,2.549309,0.722900,0.000000
18/08/2022,13:04:35:049,8602672,798,47,9.529902,0.473466,0.001653,4.404629,4.879748,9.806891,17.948360,3.548758,0.725464,0.000000
18/08/2022,13:04:36:073,8603696,1925,47,9.388365,0.558152,0.002820,4.900108,5.461080,9.655719,20.687854,3.999271,0.720947,0.000000
18/08/2022,13:04:37:080,8604703,699,46,9.189017,0.432963,0.002501,3.507288,3.942752,9.601597,13.153136,2.653150,0.724243,0.000000
18/08/2022,13:04:38:044,8605667,699,46,8.983157,0.515832,0.000606,2.954263,3.470700,9.381104,10.798141,2.232476,0.733032,0.000000
18/08/2022,13:04:39:081,8606704,1007,63,8.920590,3.421021,0.003052,3.734207,7.158279,9.304893,18.765169,2.943664,1.261475,0.000000
18/08/2022,13:04:40:055,8607678,699,52,9.048661,7.302936,0.000352,5.062048,12.365336,9.418675,28.474138,4.170598,0.720581,0.000000
18/08/2022,13:04:41:067,8608690,599,48,8.916625,0.428875,0.000188,4.823908,5.252971,9.273768,20.557380,3.993604,0.728638,0.000000
18/08/2022,13:04:42:073,8609696,698,46,8.744412,0.386435,0.001932,3.758763,4.147131,9.313605,14.798010,2.946997,0.722534,0.000000
18/08/2022,13:04:43:072,8610695,699,45,8.593802,0.433495,0.002670,4.116329,4.552494,9.142716,16.758493,3.293773,0.729736,0.000000
18/08/2022,13:04:44:096,8611719,699,45,8.415473,0.456633,0.002933,3.136010,3.595576,9.029813,11.659824,2.393205,0.724121,0.000000
18/08/2022,13:04:45:055,8612678,2029,49,8.354804,2.617883,0.003106,4.132334,6.753322,9.098998,19.319198,3.319950,0.845825,0.000000
18/08/2022,13:04:46:102,8613725,2285,55,8.622020,10.075324,0.003886,6.085667,16.164877,9.340752,35.014745,4.936861,0.779907,0.000000
18/08/2022,13:04:47:047,8614670,799,49,8.564787,1.863463,0.001105,5.229778,7.094347,9.249198,23.434343,4.274739,0.722900,0.000000
18/08/2022,13:04:48:092,8615715,599,47,8.449737,0.377941,0.000516,4.784627,5.163084,9.184092,21.652399,3.973285,0.721436,0.000000
18/08/2022,13:04:49:057,8616680,699,46,8.292793,0.442856,0.002339,3.795315,4.240510,9.057852,15.129009,3.009763,0.734253,0.000000
18/08/2022,13:04:50:088,8617711,699,45,8.125983,0.467409,0.002339,2.982981,3.452728,8.886616,10.864828,2.252729,0.729736,0.000000
18/08/2022,13:04:51:070,8618693,699,46,7.984794,0.517881,0.002131,3.771529,4.291542,8.717583,15.284102,3.021713,0.734131,0.000000
18/08/2022,13:04:52:085,8619708,699,45,7.886183,0.454470,0.002051,4.716551,5.173071,8.593145,20.243102,3.900919,0.729248,0.000000
18/08/2022,13:04:53:066,8620689,799,45,7.787479,0.419481,0.002829,4.738324,5.160634,8.518458,20.238281,3.909847,0.722168,0.000000
18/08/2022,13:04:54:082,8621705,799,43,7.642014,0.442614,0.002862,3.190102,3.635578,8.347382,11.791606,2.407961,0.728760,0.000000
18/08/2022,13:04:55:087,8622710,699,43,7.486895,0.439729,0.000480,2.931082,3.371291,8.243713,10.548099,2.182022,0.734131,0.000000
18/08/2022,13:04:56:108,8623731,799,43,7.366879,0.461074,0.002308,3.679775,4.143156,8.096679,15.026515,2.967112,0.729980,0.000000
18/08/2022,13:04:57:095,8624718,2037,52,7.516765,6.108612,0.000660,5.380207,11.489478,8.220031,29.035313,4.383016,0.849365,0.000000
18/08/2022,13:04:58:095,8625718,1732,53,7.690204,6.801802,0.000866,5.634343,12.437011,8.368680,29.820405,4.570958,0.730103,0.000000
18/08/2022,13:04:59:104,8626727,1815,60,7.929796,8.741089,0.001282,5.656433,14.398804,8.584042,32.743075,4.565747,0.774048,0.000000
18/08/2022,13:05:00:063,8627686,1376,65,8.116838,7.453548,0.001282,5.665430,13.120260,8.747507,30.942126,4.591187,1.002686,0.000000
18/08/2022,13:05:01:090,8628713,1137,67,8.317559,8.254560,0.002734,5.713908,13.971202,8.926605,32.225484,4.680039,0.797241,0.000000
18/08/2022,13:05:02:078,8629701,3885,58,8.500582,7.566634,0.004997,5.740696,13.312327,9.087311,30.786302,4.628560,0.846924,0.000000
18/08/2022,13:05:03:099,8630722,2395,58,8.675623,7.778002,0.002469,5.675776,13.456246,9.241628,31.178024,4.596998,0.836182,0.000000
18/08/2022,13:05:04:104,8631727,1196,61,8.847384,7.695810,0.002571,5.687628,13.386008,9.392750,31.280879,4.592083,0.843140,0.000000
18/08/2022,13:05:05:079,8632702,1602,63,9.039204,8.497200,0.002571,5.697165,14.196935,9.565014,32.161211,4.602622,0.719849,0.000000
18/08/2022,13:05:06:104,8633727,1412,61,9.199850,7.929380,0.003377,5.715167,13.647924,9.707333,31.752113,4.594801,1.002930,0.000000
18/08/2022,13:05:07:098,8634721,1309,60,9.390017,8.650780,0.001669,5.747259,14.399707,9.878940,32.727876,4.633123,1.167603,0.000000
18/08/2022,13:05:08:105,8635728,1302,66,9.618286,10.028125,0.002947,5.789068,15.820141,10.089852,34.108914,4.658335,0.963013,0.000000
18/08/2022,13:05:09:065,8636688,1683,61,9.762736,7.859776,0.001333,5.773671,13.634781,10.217343,31.685803,4.660932,0.930054,0.000000
18/08/2022,13:05:10:129,8637752,1631,63,9.932023,8.894285,0.002289,5.803680,14.700254,10.371043,32.551456,4.664682,0.910156,0.000000
18/08/2022,13:05:11:099,8638722,1281,62,10.074043,7.891318,0.001664,5.776427,13.669408,10.496381,31.852529,4.666363,0.924194,0.000000
18/08/2022,13:05:12:106,8639729,1712,63,10.217859,8.416553,0.002457,5.810685,14.229695,10.625580,32.331347,4.669284,0.813232,0.000000
18/08/2022,13:05:13:074,8640697,1260,0,10.174101,3.273374,0.001272,5.727738,9.002383,10.567145,24.917812,4.608154,0.746826,0.000000
18/08/2022,13:05:14:115,8641738,1168,54,10.082768,1.855015,0.001389,5.673075,7.529479,10.462128,23.064935,4.558126,0.731323,0.000000
18/08/2022,13:05:15:075,8642698,1276,53,9.986206,1.832051,0.002460,5.653523,7.488035,10.351556,22.865339,4.540910,0.727051,0.000000
18/08/2022,13:05:16:108,8643731,756,48,9.837923,0.686281,0.001838,4.986629,5.674748,10.190540,21.470353,4.055221,0.718018,0.000000
18/08/2022,13:05:17:093,8644716,799,48,9.670742,0.479714,0.001004,4.825673,5.306392,10.010524,21.471317,3.980993,0.717773,0.000000
18/08/2022,13:05:18:097,8645720,699,47,9.519335,0.543312,0.000743,4.827101,5.371156,9.847152,21.198738,3.988499,0.727783,0.000000
18/08/2022,13:05:19:086,8646709,599,46,9.370205,0.486220,0.000727,4.881658,5.368606,9.675199,20.624157,3.999447,0.722290,0.000000
18/08/2022,13:05:20:111,8647734,773,47,9.225811,0.465478,0.002479,4.797628,5.265585,9.520075,20.590179,3.956804,0.728149,0.000000
18/08/2022,13:05:21:095,8648718,599,46,9.029946,0.447849,0.000893,3.431843,3.880585,9.446322,12.783065,2.600585,0.723999,0.000000
18/08/2022,13:05:22:103,8649726,599,45,8.839473,0.494726,0.002045,3.118694,3.615465,9.425347,11.652121,2.369183,0.729492,0.000000
18/08/2022,13:05:23:102,8650725,799,46,8.683585,0.441611,0.000545,4.062796,4.504953,9.264174,16.596592,3.285716,0.721924,0.000000
18/08/2022,13:05:24:094,8651717,599,45,8.559990,0.419242,0.000550,4.799692,5.219484,9.199314,20.710347,3.952561,0.722290,0.000000
18/08/2022,13:05:25:102,8652725,599,45,8.437366,0.743927,0.000554,4.354326,5.098807,9.054185,17.927830,3.513432,0.728271,0.000000
18/08/2022,13:05:26:093,8653716,1376,59,8.720131,11.595344,0.001275,4.718777,16.315396,9.314811,32.827617,3.791062,1.277344,0.000000
18/08/2022,13:05:27:104,8654727,1462,58,8.964082,10.572509,0.001909,5.038387,15.612805,9.537715,31.148295,4.061124,1.281494,0.000000
18/08/2022,13:05:28:124,8655747,1847,61,9.263292,11.484510,0.068521,5.697762,17.250793,9.816488,34.727844,4.659180,1.076904,0.000000
18/08/2022,13:05:29:093,8656716,1455,66,9.641868,13.040700,0.455131,6.159766,19.655596,10.174561,40.022727,4.988906,1.143555,0.000000
18/08/2022,13:05:30:107,8657730,2154,65,9.911247,11.553470,0.072940,5.799348,17.425758,10.425504,34.136812,4.634763,0.982544,0.000000
18/08/2022,13:05:31:114,8658737,2762,61,10.088365,9.657566,0.001383,5.138318,14.797267,10.583980,29.262193,4.064311,0.713379,0.000000
18/08/2022,13:05:32:088,8659711,799,52,9.864171,0.561657,0.001383,3.303891,3.866931,10.341927,12.062133,2.487728,0.719604,0.000000
18/08/2022,13:05:33:123,8660746,699,49,9.681077,0.548502,0.000627,4.051569,4.600697,10.142009,16.208013,3.231303,0.723877,0.000000
18/08/2022,13:05:34:118,8661741,651,48,9.457303,0.536461,0.001297,3.089525,3.627283,9.901197,11.366502,2.335345,0.723511,0.000000
18/08/2022,13:05:35:128,8662751,799,48,9.266087,0.592808,0.001297,3.482233,4.076338,9.694206,12.920027,2.661317,0.722534,0.000000
18/08/2022,13:05:36:095,8663718,1919,47,9.073362,0.580258,0.001393,3.330964,3.912614,9.486275,14.032478,2.615622,1.006836,0.000000
18/08/2022,13:05:37:133,8664756,898,59,9.371514,12.669317,0.000885,5.054217,17.724420,9.770491,33.464505,3.995870,1.090820,0.000000
18/08/2022,13:05:38:100,8665723,1033,55,9.548474,9.510648,0.000410,4.615620,14.126678,9.545444,27.377949,3.600184,0.715698,0.000000
18/08/2022,13:05:39:120,8666743,599,49,9.343826,0.457701,0.000410,3.170799,3.628909,9.341112,11.719507,2.414735,0.722778,0.000000
18/08/2022,13:05:40:117,8667740,599,48,9.136956,0.521133,0.000419,3.143490,3.665041,9.285372,11.477362,2.377137,0.724121,0.000000
18/08/2022,13:05:41:114,8668737,599,47,8.952241,0.572886,0.001041,3.370233,3.944159,9.095378,12.340293,2.549410,0.722900,0.000000
18/08/2022,13:05:42:130,8669753,599,45,8.757868,0.507339,0.001655,2.984411,3.493405,8.962767,10.837172,2.238752,0.723511,0.000000
18/08/2022,13:05:43:107,8670730,1490,58,8.926924,8.624936,0.000542,4.805211,13.430690,9.124250,30.236445,3.879270,1.016846,0.000000
18/08/2022,13:05:44:119,8671742,1564,67,9.229750,11.862248,0.001062,5.742365,17.605675,9.420191,36.322783,4.648657,1.107544,0.000000
18/08/2022,13:05:45:101,8672724,2403,65,9.517712,11.375819,0.000784,5.820474,17.197077,9.701270,35.329394,4.703329,1.018311,0.000000
18/08/2022,13:05:46:125,8673748,2345,64,9.755483,10.447764,0.001927,5.847628,16.297319,9.932603,34.023335,4.725341,0.981934,0.000000
18/08/2022,13:05:47:111,8674734,1846,64,9.999900,10.596931,0.000894,5.840957,16.438782,10.170543,34.320235,4.752636,1.089478,0.000000
18/08/2022,13:05:48:119,8675742,3497,70,10.219144,10.317294,0.000867,5.907720,16.225881,10.383778,34.629861,4.775490,1.053833,0.000000
18/08/2022,13:05:49:102,8676725,2381,65,10.426836,10.065957,0.001635,5.920773,15.988365,10.585543,33.594319,4.790201,1.038574,0.000000
18/08/2022,13:05:50:133,8677756,1547,66,10.624533,10.181074,0.001118,5.875891,16.058083,10.777668,35.087213,4.754726,1.009033,0.000000
18/08/2022,13:05:51:108,8678731,1570,65,10.809322,9.777832,0.001067,5.869034,15.647933,10.956998,33.099853,4.733661,1.086792,0.000000
18/08/2022,13:05:52:136,8679759,1496,67,10.992080,10.153598,0.001626,5.897147,16.052371,11.134426,34.877485,4.747221,1.063721,0.000000
18/08/2022,13:05:53:118,8680741,798,65,11.158128,9.683159,0.001626,5.816842,15.501627,11.041234,33.353365,4.681284,0.707275,0.000000
18/08/2022,13:05:54:107,8681730,599,55,10.955930,0.473814,0.000931,4.918062,5.392808,10.921576,20.787741,4.079122,0.715942,0.000000
18/08/2022,13:05:55:134,8682757,699,52,10.756745,0.490626,0.000371,4.825733,5.316730,10.891525,21.000284,3.995114,0.717773,0.000000
18/08/2022,13:05:56:117,8683740,699,49,10.554477,0.424807,0.001605,4.815711,5.242123,10.747250,20.427462,3.999794,0.723022,0.000000
18/08/2022,13:05:57:137,8684760,1055,49,10.342506,0.452765,0.002173,4.061725,4.516664,10.528734,15.837949,3.175605,0.723877,0.000000
18/08/2022,13:05:58:111,8685734,1345,65,10.175394,2.202127,0.002761,3.536678,5.741566,10.354857,17.009697,2.790326,0.911865,0.000000
18/08/2022,13:05:59:110,8686733,2415,83,10.877845,24.316933,0.000689,6.051441,30.369063,11.051066,51.142140,4.947917,0.850952,0.000000
18/08/2022,13:06:00:141,8687764,2329,86,11.462956,20.695872,0.000689,6.597223,27.293784,11.630003,48.449316,5.386811,0.845337,0.000000
18/08/2022,13:06:01:094,8688717,799,61,11.475336,6.101805,0.001769,5.694315,11.797889,11.636214,27.602558,4.627257,0.718750,0.000000
18/08/2022,13:06:02:139,8689762,799,54,11.233035,0.664078,0.002116,3.682642,4.348835,11.389997,13.680393,2.808642,0.718628,0.000000
18/08/2022,13:06:03:126,8690749,599,52,10.954931,0.478945,0.001284,3.308331,3.788560,11.106301,12.169323,2.523371,0.717529,0.000000
18/08/2022,13:06:04:114,8691737,611,50,10.701189,0.471725,0.000927,3.291203,3.763855,10.918816,12.209381,2.516664,0.721191,0.000000
18/08/2022,13:06:05:153,8692776,799,48,10.451910,0.515147,0.002538,3.104582,3.622266,10.818027,11.179318,2.319645,0.718018,0.000000
18/08/2022,13:06:06:108,8693731,1682,60,10.582568,9.453033,0.000883,4.525904,13.979820,10.935013,28.649293,3.604182,1.058838,0.000000
18/08/2022,13:06:07:127,8694750,2117,61,10.781093,11.331832,0.001342,5.070008,16.403182,11.121516,31.939173,4.047706,1.006592,0.000000
18/08/2022,13:06:08:131,8695754,1648,65,10.960907,10.624434,0.001342,5.101089,15.726865,11.288954,31.698291,4.097629,0.913452,0.000000
18/08/2022,13:06:09:127,8696750,1451,81,11.226146,12.443998,0.001277,5.912750,18.358025,11.542431,35.582299,4.744705,0.978149,0.000000
18/08/2022,13:06:10:141,8697764,2564,69,11.427415,11.117284,0.001287,5.765739,16.884310,11.732449,33.682562,4.602300,1.020752,0.000000
18/08/2022,13:06:11:118,8698741,599,59,11.360815,5.106988,0.001439,4.487163,9.595590,11.514268,20.729080,3.456492,0.719604,0.000000
18/08/2022,13:06:12:122,8699745,699,53,11.088336,0.497902,0.000375,3.053519,3.551796,11.248803,10.865674,2.269325,0.724731,0.000000
18/08/2022,13:06:13:130,8700753,798,51,10.822484,0.487916,0.000791,3.178032,3.666739,10.977203,11.607345,2.393071,0.729736,0.000000
18/08/2022,13:06:14:147,8701770,798,49,10.569620,0.513929,0.000786,3.290717,3.805433,10.719019,12.229314,2.532959,0.724121,0.000000
18/08/2022,13:06:15:125,8702748,765,48,10.318367,0.467456,0.000900,3.183791,3.652147,10.462340,11.608214,2.388541,0.723999,0.000000
18/08/2022,13:06:16:133,8703756,699,48,10.079480,0.485161,0.000874,2.993032,3.479066,10.356886,10.690192,2.223076,0.724487,0.000000
18/08/2022,13:06:17:135,8704758,699,48,9.854386,0.571115,0.000666,3.255069,3.826850,10.074126,11.970399,2.479856,0.737671,0.000000
18/08/2022,13:06:18:131,8705754,799,46,9.636314,0.580991,0.001279,3.178312,3.760583,9.848191,11.525786,2.376963,0.724731,0.000000
18/08/2022,13:06:19:136,8706759,799,46,9.425196,0.442137,0.001900,3.257209,3.701245,9.712817,12.052961,2.471954,0.729004,0.000000
18/08/2022,13:06:20:147,8707770,699,46,9.210581,0.440060,0.000607,3.005205,3.445872,9.565743,10.814555,2.238099,0.723267,0.000000
18/08/2022,13:06:21:136,8708759,672,45,9.007507,0.473536,0.001027,3.106246,3.580810,9.462871,11.414826,2.340078,0.759644,0.000000
18/08/2022,13:06:22:147,8709770,699,46,8.814827,0.454099,0.000739,3.108629,3.563467,9.254285,11.465979,2.350104,0.724243,0.000000
18/08/2022,13:06:23:134,8710757,799,46,8.622504,0.509069,0.000739,2.973305,3.483113,9.046111,11.125242,2.275325,0.730591,0.000000
18/08/2022,13:06:24:168,8711791,599,45,8.449653,0.478573,0.000186,3.240181,3.718939,8.858138,11.812010,2.420047,0.724121,0.000000
18/08/2022,13:06:25:128,8712751,673,46,8.272649,0.470573,0.001240,3.184684,3.656496,8.740636,11.998490,2.426485,0.723877,0.000000
18/08/2022,13:06:26:159,8713782,757,45,8.118152,0.526301,0.000954,3.239232,3.766486,8.631387,12.139950,2.495504,0.729614,0.000000
18/08/2022,13:06:27:145,8714768,799,45,7.944323,0.443838,0.000178,2.948685,3.392701,8.438678,10.524653,2.173622,0.734741,0.000000
18/08/2022,13:06:28:126,8715749,599,45,7.796602,0.555686,0.000928,3.197049,3.753662,8.273698,12.032212,2.475603,0.728760,0.000000
18/08/2022,13:06:29:162,8716785,798,44,7.654792,0.500040,0.001058,3.243783,3.744881,8.115028,12.060822,2.467484,0.729736,0.000000
18/08/2022,13:06:30:136,8717759,699,43,7.501371,0.445745,0.000059,3.066486,3.512290,7.944562,11.842634,2.347952,0.748413,0.000000
18/08/2022,13:06:31:168,8718791,912,72,7.747738,10.247809,0.000377,4.357464,14.605650,8.175322,29.452903,3.461773,1.031982,0.000000
18/08/2022,13:06:32:147,8719770,2350,76,8.135335,13.148226,0.000059,5.115657,18.263943,8.547159,34.913114,4.129888,1.019653,0.000000
18/08/2022,13:06:33:146,8720769,2451,64,8.485846,12.851485,0.001621,5.307066,18.160172,8.883271,34.863418,4.266816,1.091919,0.000000
18/08/2022,13:06:34:145,8721768,1591,64,8.767828,11.060927,0.001621,5.326705,16.389253,9.151074,32.858258,4.285304,1.244995,0.000000
18/08/2022,13:06:35:147,8722770,1980,66,9.092445,12.597314,0.001621,5.267259,17.866194,9.462017,33.534302,4.239990,0.714111,0.000000
18/08/2022,13:06:36:160,8723783,699,52,8.915146,0.821029,0.000668,3.331062,4.152759,9.271453,12.260871,2.483356,0.719238,0.000000
18/08/2022,13:06:37:141,8724764,699,49,8.726482,0.551064,0.000482,3.148824,3.700369,9.069899,11.565861,2.344968,0.722412,0.000000
18/08/2022,13:06:38:155,8725778,799,48,8.543547,0.495312,0.001120,3.008641,3.505073,8.874931,11.078160,2.288974,0.724976,0.000000
18/08/2022,13:06:39:151,8726774,699,46,8.369873,0.499116,0.000542,3.248166,3.747823,8.689074,11.837690,2.438938,0.724121,0.000000
18/08/2022,13:06:40:142,8727765,699,46,8.206324,0.480254,0.000542,3.286699,3.767495,8.514182,12.355570,2.518999,0.733887,0.000000
18/08/2022,13:06:41:163,8728786,731,46,8.044971,0.518522,0.001663,3.131824,3.652009,8.437425,11.562285,2.348415,0.729370,0.000000
18/08/2022,13:06:42:147,8729770,699,45,7.877634,0.510639,0.001663,2.943604,3.455906,8.255955,10.562968,2.191467,0.739746,0.000000
18/08/2022,13:06:43:158,8730781,1882,44,7.726648,0.532445,0.000558,3.048284,3.581287,8.091674,11.393433,2.318909,0.734009,0.000000
18/08/2022,13:06:44:161,8731784,699,43,7.583144,0.463167,0.002173,3.286903,3.752243,7.997756,12.412850,2.525762,0.727417,0.000000
18/08/2022,13:06:45:167,8732790,803,45,7.445795,0.544861,0.002197,3.190322,3.737380,7.845752,13.496307,2.522051,1.008301,0.000000
18/08/2022,13:06:46:162,8733785,699,49,7.607186,7.716562,0.001875,4.205982,11.924419,7.992730,23.433114,3.200265,0.722900,0.000000
18/08/2022,13:06:47:144,8734767,698,47,7.503611,0.517022,0.000735,4.174773,4.692530,7.843026,17.274726,3.386164,0.722656,0.000000
18/08/2022,13:06:48:185,8735808,699,45,7.386768,0.459661,0.001929,3.710452,4.172042,7.788440,15.092262,2.972033,0.729980,0.000000
18/08/2022,13:06:49:154,8736777,599,45,7.262670,0.448977,0.000469,3.602620,4.052066,7.775708,14.299875,2.841330,0.728149,0.000000
18/08/2022,13:06:50:206,8737829,699,44,7.159412,0.400764,0.000469,3.874637,4.275869,7.745328,15.383192,3.037508,0.728760,0.000000
18/08/2022,13:06:51:142,8738765,799,60,7.538927,12.359445,0.001102,4.900032,17.260580,8.102490,33.716678,3.991456,0.722656,0.000000
18/08/2022,13:06:52:189,8739812,699,47,7.462789,0.549577,0.000848,4.710858,5.261283,8.007513,20.141863,3.876157,0.721680,0.000000
18/08/2022,13:06:53:148,8740771,2080,46,7.331783,0.431397,0.000760,3.517063,3.949220,7.856196,13.712526,2.758754,0.722900,0.000000
18/08/2022,13:06:54:181,8741804,780,45,7.248772,0.477622,0.000508,4.437548,4.915678,7.816908,18.615850,3.622290,0.722534,0.000000
18/08/2022,13:06:55:177,8742800,699,45,7.166720,0.401367,0.001832,4.621497,5.024696,7.798732,19.553074,3.788734,0.729004,0.000000
18/08/2022,13:06:56:166,8743789,3781,48,7.077666,1.089729,0.000491,3.567936,4.658156,7.687353,16.421512,2.857960,0.879517,0.000000
18/08/2022,13:06:57:184,8744807,730,56,7.635414,17.756365,0.000739,5.079344,22.836448,7.626916,38.820519,4.014695,0.714111,0.000000
18/08/2022,13:06:58:168,8745791,699,48,7.519872,0.339171,0.001439,4.116817,4.457427,7.511795,16.477570,3.305399,0.724243,0.000000
18/08/2022,13:06:59:163,8746786,699,45,7.401740,0.550371,0.001439,3.606582,4.158392,7.393947,14.320063,2.883849,0.721680,0.000000
18/08/2022,13:07:00:186,8747809,699,46,7.298146,0.463315,0.000184,4.023045,4.486544,7.290527,16.462632,3.247372,0.729980,0.000000
18/08/2022,13:07:01:165,8748788,599,46,7.191194,0.538935,0.001432,3.830455,4.370822,7.260538,15.260061,3.004286,0.738647,0.000000
18/08/2022,13:07:02:178,8749801,1985,68,7.237650,4.660872,0.002439,3.860640,8.523951,7.304532,21.194162,3.053129,1.197998,0.000000
18/08/2022,13:07:03:167,8750790,698,48,7.292898,3.759249,0.000961,5.000017,8.760227,7.357353,24.459191,4.116409,0.720947,0.000000
18/08/2022,13:07:04:175,8751798,699,46,7.204279,0.515285,0.000925,4.270303,4.786513,7.300015,18.433049,3.450151,0.723999,0.000000
18/08/2022,13:07:05:182,8752805,599,45,7.071036,0.421070,0.001756,3.080241,3.503066,7.133894,11.149270,2.319336,0.728638,0.000000
18/08/2022,13:07:06:172,8753795,799,45,6.989497,0.486461,0.000971,4.314122,4.801554,7.050179,18.117690,3.540160,0.726196,0.000000
18/08/2022,13:07:07:165,8754788,599,43,6.879616,0.426691,0.000493,3.454590,3.881774,6.938154,13.182600,2.626126,0.734009,0.000000
18/08/2022,13:07:08:189,8755812,1149,43,6.758676,0.418825,0.000861,3.049729,3.469415,6.897690,11.373437,2.366849,0.723877,0.000000
18/08/2022,13:07:09:191,8756814,499,42,6.658322,0.482624,0.000298,3.534371,4.017293,6.792350,13.656064,2.753139,0.727417,0.000000
18/08/2022,13:07:10:192,8757815,599,43,6.591394,0.507347,0.000792,4.279953,4.788092,6.787352,17.204497,3.397583,0.730713,0.000000
18/08/2022,13:07:11:168,8758791,499,42,6.506740,0.514622,0.000915,3.707913,4.223450,6.767269,14.595345,2.957303,0.728149,0.000000
18/08/2022,13:07:12:186,8759809,671,43,6.415739,0.477713,0.000188,3.418146,3.896046,6.725028,13.110439,2.644503,0.729126,0.000000
18/08/2022,13:07:13:172,8760795,599,42,6.311999,0.428987,0.001380,3.129196,3.559563,6.729061,11.609690,2.382170,0.729126,0.000000
18/08/2022,13:07:14:192,8761815,682,43,6.232170,0.545169,0.000990,3.498891,4.045051,6.634545,13.077448,2.678421,0.729370,0.000000
18/08/2022,13:07:15:181,8762804,599,41,6.137440,0.509324,0.001016,3.123945,3.634285,6.597377,11.588302,2.385637,0.733154,0.000000
18/08/2022,13:07:16:193,8763816,735,41,6.041616,0.441393,0.001016,2.979394,3.421803,6.485438,10.741201,2.237853,0.729736,0.000000
18/08/2022,13:07:17:189,8764812,598,41,5.952456,0.462830,0.000663,3.111225,3.574718,6.506951,11.602831,2.367814,0.738403,0.000000
18/08/2022,13:07:18:182,8765805,499,41,5.872059,0.496607,0.000918,3.197063,3.694588,6.406911,11.793389,2.447161,0.728394,0.000000
18/08/2022,13:07:19:187,8766810,599,41,5.792192,0.425095,0.000918,3.193992,3.620006,6.308076,11.979380,2.444483,0.734131,0.000000
18/08/2022,13:07:20:203,8767826,599,41,5.708724,0.458311,0.000547,3.005556,3.464414,6.294161,10.890676,2.249972,0.734131,0.000000
18/08/2022,13:07:21:192,8768815,599,42,5.629625,0.421545,0.000900,3.108523,3.530968,6.302755,11.436500,2.356605,0.739502,0.000000
18/08/2022,13:07:22:187,8769810,599,40,5.555997,0.513461,0.000247,3.031397,3.545105,6.205449,11.242834,2.303393,0.728760,0.000000
18/08/2022,13:07:23:205,8770828,699,40,5.484941,0.439650,0.000430,3.114328,3.554407,6.193151,11.592702,2.381740,0.739624,0.000000
18/08/2022,13:07:24:178,8771801,599,41,5.413632,0.452188,0.000779,3.070628,3.523595,6.096094,11.410795,2.341100,0.727417,0.000000
18/08/2022,13:07:25:214,8772837,599,41,5.392552,0.459301,0.000878,4.346842,4.807021,6.092110,18.238374,3.554423,0.734741,0.000000
18/08/2022,13:07:26:188,8773811,599,41,5.323413,0.454085,0.000824,3.070814,3.525723,6.121918,11.362437,2.319866,0.727295,0.000000
18/08/2022,13:07:27:208,8774831,599,40,5.257071,0.484838,0.000824,2.932557,3.418219,6.027868,10.990460,2.254232,0.730835,0.000000
18/08/2022,13:07:28:200,8775823,599,41,5.228698,0.467117,0.000600,4.008955,4.476671,6.015073,16.166642,3.168972,0.733398,0.000000
18/08/2022,13:07:29:208,8776831,592,41,5.208849,0.522948,0.001352,4.144705,4.669005,5.967383,17.025357,3.383515,0.732422,0.000000
18/08/2022,13:07:30:202,8777825,499,41,5.173454,0.452920,0.001352,3.771383,4.225655,5.904619,14.617768,2.924698,0.734497,0.000000
18/08/2022,13:07:31:191,8778814,599,40,5.110900,0.458163,0.001045,2.950393,3.409601,5.933318,10.708072,2.219409,0.738281,0.000000
18/08/2022,13:07:32:206,8779829,599,40,5.055632,0.397900,0.001045,3.148809,3.547753,5.848972,11.515669,2.372480,0.737427,0.000000
18/08/2022,13:07:33:214,8780837,1314,60,5.583398,14.577008,0.001148,5.108615,19.686772,6.347627,38.635374,4.227076,0.810913,0.000000
18/08/2022,13:07:34:222,8781845,1796,76,6.408416,22.604219,0.000665,5.850310,28.455194,7.145078,48.183683,4.807548,0.832031,0.000000
18/08/2022,13:07:35:186,8782809,898,67,7.068567,18.801006,0.000302,5.926459,24.727767,7.779311,42.376000,4.792702,0.708252,0.000000
18/08/2022,13:07:36:207,8783830,599,52,6.972320,0.945413,0.001896,3.331477,4.278786,7.658668,13.084276,2.549097,0.722656,0.000000
18/08/2022,13:07:37:217,8784840,1901,48,6.864405,0.760067,0.001896,3.247987,4.009950,7.525750,11.830894,2.468586,0.724487,0.000000
18/08/2022,13:07:38:216,8785839,599,45,6.746440,0.442097,0.000724,3.154509,3.597331,7.425815,11.663269,2.417053,0.729492,0.000000
18/08/2022,13:07:39:214,8786837,599,45,6.634858,0.451159,0.001774,3.162957,3.615889,7.426545,11.675677,2.406765,0.729736,0.000000
18/08/2022,13:07:40:201,8787824,1375,53,6.569751,1.458219,0.001043,3.343419,4.802681,7.333398,15.247933,2.671615,1.025879,0.000000
18/08/2022,13:07:41:457,8789080,3089,74,7.196498,18.597604,0.000742,5.751466,24.349812,7.933226,45.243314,4.725390,0.951172,0.000000
18/08/2022,13:07:42:188,8789811,2687,0,8.250678,24.170019,0.001313,6.544720,30.716052,10.794811,52.863972,5.483550,0.917114,0.000000
18/08/2022,13:07:43:447,8791070,2657,83,8.782964,21.997705,0.001336,6.640159,28.639200,11.261314,50.152672,5.525270,0.916992,0.000000
18/08/2022,13:07:44:140,8791763,2541,88,9.618874,20.619654,0.000582,6.753256,27.373491,11.985211,48.203387,5.539861,0.849854,0.000000
18/08/2022,13:07:45:477,8793100,2447,78,10.038916,19.781115,0.000352,6.808811,26.590278,12.346687,47.450248,5.589429,0.838379,0.000000
18/08/2022,13:07:46:081,8793704,2335,89,10.766739,18.590934,0.001552,6.688805,25.281291,12.964776,45.312673,5.486956,0.878540,0.000000
18/08/2022,13:07:47:290,8794913,2260,72,10.870758,9.404458,0.000605,6.175777,15.580840,13.021208,31.451396,4.980934,0.712036,0.000000
18/08/2022,13:07:48:178,8795801,599,58,10.635348,0.825133,0.000353,4.606744,5.432230,12.710947,18.357182,3.654227,0.716919,0.000000
18/08/2022,13:07:49:238,8796861,699,54,10.433294,0.821431,0.000481,3.442360,4.264272,12.443369,12.893143,2.593891,0.723145,0.000000
18/08/2022,13:07:50:206,8797829,698,52,10.214033,0.519863,0.001035,4.126057,4.646956,12.147940,16.519493,3.354117,0.716675,0.000000
18/08/2022,13:07:51:245,8798868,685,51,10.050621,0.566908,0.000694,4.919635,5.487237,11.917670,20.458202,4.073197,0.722656,0.000000
18/08/2022,13:07:52:207,8799830,698,49,9.867263,0.401139,0.000694,4.702718,5.104550,11.751750,19.310937,3.817365,0.719727,0.000000
18/08/2022,13:07:53:219,8800842,799,49,9.658889,0.579009,0.001396,3.221939,3.802344,11.478915,11.606435,2.432705,0.728882,0.000000
18/08/2022,13:07:54:230,8801853,599,48,9.437981,0.509752,0.000603,3.036439,3.546794,11.191942,10.866031,2.258240,0.722900,0.000000
18/08/2022,13:07:55:228,8802851,599,47,9.237002,0.491119,0.000664,3.380022,3.871804,10.927633,12.425997,2.555809,0.722534,0.000000
18/08/2022,13:07:56:223,8803846,599,46,9.037504,0.520907,0.000664,3.118277,3.639848,10.736109,11.410452,2.369669,0.728638,0.000000
18/08/2022,13:07:57:216,8804839,699,45,8.839290,0.451869,0.000553,3.007221,3.459642,10.477794,10.813896,2.232081,0.729126,0.000000
18/08/2022,13:07:58:239,8805862,599,47,8.649915,0.528480,0.000983,2.969947,3.499410,10.230311,10.652632,2.210665,0.727295,0.000000
18/08/2022,13:07:59:224,8806847,699,46,8.461184,0.453975,0.000835,3.029444,3.484254,9.983598,10.945757,2.277691,0.728394,0.000000
18/08/2022,13:08:00:230,8807853,699,45,8.318917,0.486300,0.000835,3.929912,4.417047,9.911516,16.152032,3.201127,0.724976,0.000000
18/08/2022,13:08:01:228,8808851,1438,46,8.213764,0.581142,0.002495,4.802730,5.386368,9.749257,20.485789,4.000654,0.734741,0.000000
18/08/2022,13:08:02:235,8809858,699,44,8.103353,0.382202,0.002563,4.737483,5.122249,9.732403,19.395501,3.818041,0.728882,0.000000
18/08/2022,13:08:03:229,8810852,798,43,7.935634,0.467916,0.000485,2.971470,3.439871,9.506321,10.772461,2.227356,0.723877,0.000000
18/08/2022,13:08:04:236,8811859,599,44,7.774703,0.478467,0.001411,2.927050,3.406927,9.524229,10.701272,2.217815,0.733765,0.000000
18/08/2022,13:08:05:213,8812836,699,43,7.619154,0.451879,0.001411,2.992008,3.445298,9.305822,10.830841,2.253040,0.734009,0.000000
18/08/2022,13:08:06:237,8813860,599,44,7.474989,0.516768,0.000375,2.970365,3.487509,9.213252,10.719981,2.214252,0.729370,0.000000
18/08/2022,13:08:07:213,8814836,969,63,7.429812,2.828959,0.002630,3.404469,6.236058,9.104797,17.664503,2.690604,0.974609,0.000000
18/08/2022,13:08:08:245,8815868,2484,67,7.838540,14.135830,0.001501,5.018266,19.155596,9.455139,36.494397,4.052303,1.012329,0.000000
18/08/2022,13:08:09:231,8816854,798,51,7.899606,4.596920,0.000885,4.892779,9.490583,9.456449,23.852030,3.905718,0.723877,0.000000
18/08/2022,13:08:10:235,8817858,698,46,7.793937,0.460859,0.002600,4.435386,4.898845,9.295956,18.625327,3.685346,0.724609,0.000000
18/08/2022,13:08:11:229,8818852,670,46,7.667608,0.486034,0.000790,3.787520,4.274344,9.115537,14.986530,2.991694,0.723999,0.000000
18/08/2022,13:08:12:229,8819852,1130,45,7.533284,0.469392,0.000554,3.406248,3.876194,9.160193,13.451276,2.664977,0.726562,0.000000
18/08/2022,13:08:13:240,8820863,599,45,7.423442,0.335511,0.000670,4.127678,4.463859,9.197148,16.628635,3.286438,0.729736,0.000000
18/08/2022,13:08:14:240,8821863,2028,65,7.857185,14.226283,0.000485,5.257038,19.483805,9.566733,37.812457,4.237325,1.033447,0.000000
18/08/2022,13:08:15:231,8822854,798,51,7.869571,3.601622,0.000974,4.600724,8.203320,9.517893,21.021388,3.716852,0.718018,0.000000
18/08/2022,13:08:16:244,8823867,699,47,7.775675,0.413450,0.000616,4.805210,5.219276,9.342867,20.416598,3.985356,0.728027,0.000000
18/08/2022,13:08:17:252,8824875,799,47,7.678819,0.530801,0.000663,4.564398,5.095862,9.274319,18.343087,3.670975,0.726929,0.000000
18/08/2022,13:08:18:233,8825856,599,46,7.582796,0.465234,0.000663,4.548249,5.014147,9.164456,18.219721,3.679383,0.727417,0.000000
18/08/2022,13:08:19:264,8826887,699,45,7.471175,0.627009,0.000663,3.772459,4.400131,8.997364,14.730916,2.989417,0.729858,0.000000
18/08/2022,13:08:20:226,8827849,913,80,7.881606,12.894464,0.002080,5.764568,18.661112,9.351472,39.279021,4.698169,0.933350,0.000000
18/08/2022,13:08:21:243,8828866,2810,60,8.214520,11.824895,0.001459,5.745045,17.571400,9.633885,35.147495,4.585766,1.010742,0.000000
18/08/2022,13:08:22:243,8829866,2474,80,8.681945,15.219719,0.000840,5.863096,21.083655,10.049757,40.262554,4.773899,0.970459,0.000000
18/08/2022,13:08:23:252,8830875,2950,81,9.069207,13.622681,0.000854,5.901733,19.525269,10.388168,37.892509,4.701639,0.945435,0.000000
18/08/2022,13:08:24:264,8831887,799,60,9.269760,9.299237,0.001025,5.317839,14.618101,10.213455,28.726193,4.128291,0.717407,0.000000
18/08/2022,13:08:25:243,8832866,699,53,9.169815,1.823455,0.001749,4.679296,6.504500,10.079270,20.951463,3.873533,0.729736,0.000000
18/08/2022,13:08:26:235,8833858,798,49,8.981853,0.455737,0.001309,3.336931,3.793978,9.985076,11.944767,2.478252,0.718262,0.000000
18/08/2022,13:08:27:262,8834885,799,48,8.787539,0.426631,0.001784,3.068758,3.497173,9.755218,11.269640,2.336748,0.724976,0.000000
18/08/2022,13:08:28:231,8835854,799,47,8.625665,0.428376,0.001011,3.940551,4.369939,9.557886,15.746001,3.100479,0.723877,0.000000
18/08/2022,13:08:29:251,8836874,2049,48,8.489161,0.494909,0.000821,4.177378,4.673107,9.389361,17.060270,3.359262,0.722778,0.000000
18/08/2022,13:08:30:254,8837877,799,46,8.339212,0.492875,0.000716,3.891394,4.384985,9.206344,15.724691,3.132779,0.719971,0.000000
18/08/2022,13:08:31:258,8838881,798,46,8.218523,0.437348,0.000716,4.531977,4.970040,9.054594,18.751471,3.666122,0.719604,0.000000
18/08/2022,13:08:32:245,8839868,849,46,8.135648,1.686119,0.001402,4.212808,5.900330,8.941942,18.602017,3.400626,0.722290,0.000000
18/08/2022,13:08:33:265,8840888,872,45,8.011935,0.540597,0.000928,4.084532,4.626057,8.789807,16.615414,3.293608,0.722900,0.000000
18/08/2022,13:08:34:259,8841882,1796,62,8.056977,5.727671,0.002573,3.518138,9.248382,8.806512,21.004403,2.804987,0.773193,0.000000
18/08/2022,13:08:35:237,8842860,1835,51,8.198326,7.875925,0.000735,4.154006,12.030667,8.921200,23.088807,3.225090,0.723511,0.000000
18/08/2022,13:08:36:271,8843894,699,46,8.027552,0.303930,0.000872,3.014265,3.319067,8.725125,11.408185,2.326605,0.732666,0.000000
18/08/2022,13:08:37:246,8844869,1837,47,7.870708,0.677437,0.000712,3.081534,3.759683,8.542468,11.232924,2.293437,0.724609,0.000000
18/08/2022,13:08:38:247,8845870,599,43,7.719833,0.436535,0.000712,3.118332,3.555579,8.414510,11.855259,2.406475,0.729614,0.000000
18/08/2022,13:08:39:256,8846879,699,44,7.568465,0.542121,0.000712,2.942946,3.485779,8.235884,10.551285,2.196961,0.729370,0.000000
18/08/2022,13:08:40:259,8847882,2326,69,8.019816,13.236560,0.001395,6.892958,20.130913,8.662831,41.807027,5.426871,0.848633,0.000000
18/08/2022,13:08:41:242,8848865,699,55,8.309574,9.498247,0.000607,6.585790,16.084644,8.929486,34.214809,5.115745,0.752319,0.000000
18/08/2022,13:08:42:266,8849889,998,48,8.203147,0.525474,0.001180,4.751429,5.278082,8.976030,20.049398,3.885843,0.722412,0.000000
18/08/2022,13:08:43:251,8850874,699,46,8.051185,0.709653,0.001180,3.337117,4.047949,8.913388,12.040794,2.496958,0.734741,0.000000
18/08/2022,13:08:44:275,8851898,605,45,7.894388,0.443357,0.001177,3.149469,3.594003,8.784481,11.582227,2.398669,0.723755,0.000000
18/08/2022,13:08:45:251,8852874,799,45,7.740708,0.477184,0.000537,3.210367,3.688088,8.686530,12.233104,2.470999,0.727173,0.000000
18/08/2022,13:08:46:290,8853913,1146,45,7.591852,0.493159,0.001251,2.975830,3.470240,8.504892,10.740251,2.228627,0.731567,0.000000
18/08/2022,13:08:47:241,8854864,1991,64,7.965295,12.791368,0.001413,4.882400,17.675181,8.844520,36.091339,3.955243,1.179688,0.000000
18/08/2022,13:08:48:274,8855897,699,55,8.156759,8.437950,0.001663,5.145187,13.584801,8.859282,29.499620,4.190054,0.724976,0.000000
18/08/2022,13:08:49:265,8856888,699,47,8.015054,0.482727,0.000236,3.832790,4.315753,8.786957,15.362484,3.031905,0.724976,0.000000
18/08/2022,13:08:50:274,8857897,799,46,7.908239,0.490439,0.000370,4.503212,4.994021,8.797833,19.014638,3.730474,0.725830,0.000000
18/08/2022,13:08:51:268,8858891,798,47,7.811754,0.432504,0.000121,4.800792,5.233417,8.669259,20.624615,3.973764,0.724243,0.000000
18/08/2022,13:08:52:275,8859898,599,46,7.721251,0.487176,0.000675,4.774510,5.262361,8.602009,20.537748,3.978672,0.724854,0.000000
18/08/2022,13:08:53:256,8860879,774,69,7.831723,6.638532,0.003286,4.163415,10.805233,8.680932,24.812915,3.293350,1.055054,0.000000
18/08/2022,13:08:54:267,8861890,1282,76,8.190539,12.822728,0.000497,5.239510,18.062735,9.009630,36.225824,4.178207,1.171997,0.000000
18/08/2022,13:08:55:280,8862903,1409,75,8.534096,12.085987,0.000785,5.618676,17.705448,9.323611,36.693562,4.564631,1.096680,0.000000
18/08/2022,13:08:56:256,8863879,2035,78,8.862215,11.865066,0.000785,5.746652,17.612503,9.623492,36.003264,4.639335,1.070679,0.000000
18/08/2022,13:08:57:269,8864892,2065,78,9.143648,11.629386,0.001438,5.305273,16.936098,10.690074,33.550570,4.258683,1.121460,0.000000
18/08/2022,13:08:58:270,8865893,2813,66,9.431845,11.699590,0.000844,5.409192,17.109626,10.922095,33.936090,4.321554,1.098877,0.000000
18/08/2022,13:08:59:272,8866895,1901,78,9.720881,12.011073,0.000792,5.496819,17.508684,11.157801,34.834028,4.421536,1.121582,0.000000
18/08/2022,13:09:00:271,8867894,1835,79,9.966656,11.228518,0.001219,5.365972,16.595709,11.352206,33.144255,4.322251,1.071533,0.000000
18/08/2022,13:09:01:264,8868887,799,57,9.903172,2.922073,0.003107,5.267480,8.192660,11.273509,23.348996,4.284471,0.719971,0.000000
18/08/2022,13:09:02:278,8869901,699,52,9.744411,0.495343,0.002395,4.933285,5.431023,11.066100,20.470932,3.989194,0.718018,0.000000
18/08/2022,13:09:03:269,8870892,686,49,9.562212,0.495076,0.000962,4.222208,4.718246,10.893015,16.728388,3.316987,0.718018,0.000000
18/08/2022,13:09:04:281,8871904,599,48,9.354233,0.496473,0.000801,3.188634,3.685907,10.637935,11.728348,2.417103,0.729004,0.000000
18/08/2022,13:09:05:268,8872891,699,46,9.142032,0.461054,0.001449,3.014750,3.477253,10.379383,10.712454,2.235986,0.724243,0.000000
18/08/2022,13:09:06:284,8873907,699,46,8.978731,0.396574,0.001175,4.111618,4.509366,10.215584,16.993586,3.317255,0.729248,0.000000
18/08/2022,13:09:07:294,8874917,646,46,8.784013,0.484256,0.001175,3.127068,3.612500,9.975986,11.378972,2.342885,0.724121,0.000000
18/08/2022,13:09:08:272,8875895,599,45,8.608234,0.534103,0.000604,3.381031,3.915738,9.757385,13.155387,2.672764,0.724121,0.000000
18/08/2022,13:09:09:283,8876906,699,45,8.454749,0.467478,0.000187,3.741824,4.209489,9.563605,14.359731,2.874750,0.728027,0.000000
18/08/2022,13:09:10:299,8877922,599,45,8.282334,0.501731,0.000724,3.181932,3.684386,9.451783,11.833697,2.435315,0.727539,0.000000
18/08/2022,13:09:11:247,8878870,913,55,8.538684,10.076711,0.002473,5.295819,15.375003,9.665654,32.401927,4.299019,0.723145,0.000000
18/08/2022,13:09:12:306,8879929,798,48,8.436156,0.573256,0.002118,4.944618,5.519991,9.555033,20.652803,4.073170,0.722290,0.000000
18/08/2022,13:09:13:297,8880920,599,46,8.295237,0.784754,0.002118,3.923392,4.710264,9.468270,15.869602,3.089544,0.727661,0.000000
18/08/2022,13:09:14:290,8881913,699,45,8.195857,1.221134,0.000984,4.268028,5.490146,9.327473,18.589229,3.439511,0.725220,0.000000
18/08/2022,13:09:15:294,8882917,708,45,8.039558,0.528807,0.000984,3.249954,3.779745,9.109458,11.971094,2.459956,0.733765,0.000000
18/08/2022,13:09:16:298,8883921,1078,45,7.883061,0.496359,0.000972,3.182105,3.679435,8.914559,12.728467,2.520685,1.003906,0.000000
18/08/2022,13:09:17:338,8884961,969,54,8.158355,10.150761,0.006633,5.410835,15.568229,8.848845,31.962300,4.286973,0.717896,0.000000
18/08/2022,13:09:18:314,8885937,1337,55,8.150541,4.047960,0.001176,3.898442,7.947578,8.815466,20.839586,3.104663,1.071411,0.000000
18/08/2022,13:09:19:268,8886891,1505,51,8.142315,3.959101,0.001124,3.954583,7.914809,8.784040,17.528210,3.008983,0.733643,0.000000
18/08/2022,13:09:20:296,8887919,2029,48,8.070291,2.412454,0.000511,3.617627,6.030593,8.690128,16.392034,2.880092,0.723755,0.000000
18/08/2022,13:09:21:289,8888912,699,46,7.962258,0.498661,0.000511,4.631458,5.130631,8.590487,19.223581,3.775741,0.729126,0.000000
18/08/2022,13:09:22:291,8889914,699,46,7.868427,0.509302,0.000492,4.806663,5.316457,8.536921,20.313716,3.934618,0.724487,0.000000
18/08/2022,13:09:23:289,8890912,699,45,7.770921,0.403940,0.000669,4.741836,5.146445,8.415591,20.274297,3.949959,0.729980,0.000000
18/08/2022,13:09:24:297,8891920,499,45,7.631401,0.569906,0.000669,3.289853,3.860428,8.253069,11.888496,2.442938,0.723999,0.000000
18/08/2022,13:09:25:294,8892917,599,45,7.486821,0.505798,0.000669,3.104850,3.611317,8.090153,11.745640,2.378420,0.729248,0.000000
18/08/2022,13:09:26:300,8893923,699,45,7.399225,0.543127,0.000797,4.480343,5.024267,8.091133,18.969984,3.694861,0.727661,0.000000
18/08/2022,13:09:27:300,8894923,638,43,7.321541,0.463285,0.000121,4.773653,5.237059,8.041650,20.151794,3.908497,0.728027,0.000000
18/08/2022,13:09:28:310,8895933,599,43,7.228483,0.408222,0.000976,4.309308,4.718506,8.046550,17.349228,3.418091,0.728027,0.000000
18/08/2022,13:09:29:285,8896908,599,42,7.097232,0.469469,0.000302,3.116468,3.586239,7.963335,11.470613,2.375653,0.734619,0.000000
18/08/2022,13:09:30:309,8897932,499,42,6.974413,0.492904,0.000812,3.080030,3.573746,7.877144,11.269116,2.347756,0.726074,0.000000
18/08/2022,13:09:31:301,8898924,499,42,6.855368,0.467280,0.000895,3.251088,3.719263,7.963980,11.915028,2.457798,0.729248,0.000000
18/08/2022,13:09:32:291,8899914,599,42,6.752947,0.780092,0.000924,3.180536,3.961552,7.941337,12.269586,2.418913,0.728149,0.000000
18/08/2022,13:09:33:305,8900928,799,42,6.636582,0.513497,0.001234,2.943763,3.458494,7.811747,10.778296,2.203763,0.729370,0.000000
18/08/2022,13:09:34:315,8901938,499,41,6.526707,0.543965,0.000541,3.064026,3.608531,7.749763,11.315220,2.329809,0.729248,0.000000
18/08/2022,13:09:35:336,8902959,699,42,6.418657,0.555305,0.001149,2.971838,3.528292,7.701436,10.889088,2.228089,0.732544,0.000000
18/08/2022,13:09:36:291,8903914,699,41,6.376695,0.614353,0.000597,4.654040,5.268990,7.612739,19.782939,3.861786,0.727051,0.000000
18/08/2022,13:09:37:315,8904938,599,41,6.335884,0.501397,0.000768,4.676739,5.178903,7.648697,20.136611,3.902923,0.729004,0.000000
18/08/2022,13:09:38:287,8905910,599,42,6.267315,0.482857,0.001371,3.976708,4.460936,7.532116,15.938520,3.162622,0.728638,0.000000
18/08/2022,13:09:39:325,8906948,499,42,6.174724,0.578109,0.000878,3.023845,3.602832,7.395713,10.813770,2.222603,0.729004,0.000000
18/08/2022,13:09:40:295,8907918,699,41,6.071758,0.451849,0.000706,2.941989,3.394543,7.247384,10.763695,2.225390,0.734009,0.000000
18/08/2022,13:09:41:312,8908935,599,42,5.986965,0.530502,0.000706,3.092919,3.624128,7.121994,11.544778,2.335524,0.729736,0.000000
18/08/2022,13:09:42:319,8909942,698,40,5.899199,0.502505,0.000360,3.067722,3.570587,7.175946,11.478390,2.347543,0.728638,0.000000
18/08/2022,13:09:43:304,8910927,599,40,5.810762,0.511556,0.000727,2.927891,3.440174,7.041725,10.763665,2.213040,0.732666,0.000000
18/08/2022,13:09:44:330,8911953,599,41,5.726804,0.433436,0.000681,2.992456,3.426573,7.195833,10.722337,2.236843,0.733521,0.000000
18/08/2022,13:09:45:315,8912938,599,40,5.640746,0.399941,0.001666,2.976645,3.378251,7.175936,10.864853,2.256576,0.734009,0.000000
18/08/2022,13:09:46:310,8913933,599,40,5.568115,0.503416,0.000868,3.069718,3.574003,7.106074,11.323413,2.312286,0.734131,0.000000
18/08/2022,13:09:47:326,8914949,599,40,5.491588,0.505317,0.000858,2.910567,3.416742,6.974971,10.691120,2.198496,0.733887,0.000000
18/08/2022,13:09:48:312,8915935,699,41,5.421672,0.489604,0.001082,3.072203,3.562890,6.851283,11.482299,2.329909,0.734741,0.000000
18/08/2022,13:09:49:314,8916937,699,40,5.358593,0.511224,0.002041,3.118915,3.632179,6.930427,12.108298,2.392071,0.729492,0.000000
18/08/2022,13:09:50:328,8917951,699,40,5.303499,0.812097,0.002041,3.004920,3.819057,6.819085,10.916095,2.241489,0.734497,0.000000
18/08/2022,13:09:51:306,8918929,599,40,5.243612,0.436335,0.002041,3.211442,3.649818,6.704425,12.087474,2.460835,0.729126,0.000000
18/08/2022,13:09:52:335,8919958,599,40,5.184237,0.484845,0.000875,3.056256,3.541976,6.594078,11.187212,2.300662,0.728638,0.000000
18/08/2022,13:09:53:325,8920948,599,40,5.140853,0.644188,0.000875,3.359792,4.004854,6.515335,12.588694,2.564309,1.282104,0.000000
18/08/2022,13:09:54:337,8921960,799,41,5.190809,2.395614,0.164036,3.995513,6.555163,6.516740,17.796531,3.113410,0.739624,0.000000
18/08/2022,13:09:55:325,8922948,699,41,5.164086,1.056999,0.002711,3.392482,4.452192,6.442048,13.387265,2.591521,0.733765,0.000000
18/08/2022,13:09:56:337,8923960,599,41,5.120608,0.568344,0.001050,3.361258,3.930652,6.353432,12.789550,2.585979,0.728516,0.000000
18/08/2022,13:09:57:354,8924977,743,42,5.118081,1.217383,0.001389,3.831933,5.050704,6.306347,15.503352,3.009214,0.737061,0.000000
18/08/2022,13:09:58:324,8925947,1098,41,5.107886,0.914747,0.004501,3.918148,4.837397,6.253045,15.252301,3.051037,0.755249,0.000000
18/08/2022,13:09:59:339,8926962,1579,43,5.113726,1.078729,0.026707,4.171177,5.276612,6.219254,16.377034,3.251395,0.776611,0.000000
18/08/2022,13:10:00:355,8927978,799,43,5.129202,1.155158,0.106917,4.278595,5.540669,6.153042,17.047912,3.355612,0.856201,0.000000
18/08/2022,13:10:01:317,8928940,1497,43,5.160552,1.460458,0.056109,4.476604,5.993171,6.147247,18.600884,3.576083,0.779053,0.000000
18/08/2022,13:10:02:347,8929970,1397,43,5.164695,1.150722,0.020430,4.109975,5.281127,6.117490,16.017541,3.185946,0.734131,0.000000
18/08/2022,13:10:03:332,8930955,699,43,5.164888,1.374296,0.022947,3.772706,5.169950,6.082566,15.536680,2.939771,0.733521,0.000000
18/08/2022,13:10:04:326,8931949,1048,44,5.203293,1.498814,0.105645,4.656590,6.261050,6.088826,19.097002,3.693649,0.756714,0.000000
18/08/2022,13:10:05:335,8932958,1913,45,5.262228,2.007971,0.283360,4.568775,6.860106,6.116234,19.543396,3.585248,0.759644,0.000000
18/08/2022,13:10:06:356,8933979,1994,45,5.315869,1.704387,0.171733,4.874646,6.750767,6.139100,20.136152,3.855811,0.736084,0.000000
18/08/2022,13:10:07:340,8934963,699,42,5.298268,0.955959,0.006808,3.870895,4.833662,6.148949,14.963467,2.992275,0.732300,0.000000
18/08/2022,13:10:08:330,8935953,1033,43,5.274216,1.182315,0.015368,3.414084,4.611767,6.095148,14.871455,2.673635,0.893921,0.000000
18/08/2022,13:10:09:366,8936989,1263,49,5.387607,4.469623,0.103760,3.907853,8.481236,6.179513,20.215467,3.017566,1.030151,0.000000
18/08/2022,13:10:10:344,8937967,1160,45,5.398032,1.640011,0.013759,4.015031,5.668802,6.117807,15.620817,3.092291,0.728394,0.000000
18/08/2022,13:10:11:344,8938967,1212,43,5.398091,1.037224,0.023878,4.338638,5.399739,6.092726,17.195172,3.433837,0.734619,1.101562
18/08/2022,13:10:12:335,8939958,1824,45,5.425275,1.800721,0.038835,4.321203,6.160759,6.095151,18.133966,3.423213,0.772827,0.000000
18/08/2022,13:10:13:339,8940962,1094,45,5.430128,1.478120,0.022496,4.061512,5.562128,6.076248,16.146881,3.143311,0.731201,0.000000
18/08/2022,13:10:14:355,8941978,821,43,5.408064,0.670110,0.007721,4.136956,4.814786,6.031015,16.423059,3.279671,0.728516,0.000000
18/08/2022,13:10:15:329,8942952,1012,43,5.401536,1.223234,0.002229,4.002171,5.227634,6.001922,17.351759,3.220102,0.969482,0.000000
18/08/2022,13:10:16:343,8943966,1228,47,5.612033,5.440875,0.434056,5.559281,11.434211,6.191276,27.604873,4.462459,0.732788,0.000000
18/08/2022,13:10:17:339,8944962,1297,45,5.610281,1.107180,0.016794,4.439676,5.563649,6.168524,17.459606,3.501516,0.733398,0.000000
18/08/2022,13:10:18:369,8945992,799,42,5.583793,0.714265,0.011594,4.139024,4.864883,6.153200,17.086037,3.310021,0.734863,0.000000
18/08/2022,13:10:19:307,8946930,1472,43,5.561114,1.054664,0.009718,3.902895,4.967277,6.109618,15.170069,3.006843,0.739014,0.000000
18/08/2022,13:10:20:345,8947968,1763,43,5.533364,0.975196,0.009045,3.748522,4.732762,6.063493,14.557776,2.905405,0.730347,0.000000
18/08/2022,13:10:21:368,8948991,1170,43,5.558304,1.078405,0.030341,5.097376,6.206123,6.068786,21.083228,4.139727,0.744873,0.000000
18/08/2022,13:10:22:336,8949959,799,41,5.553644,0.529110,0.003815,4.897951,5.430876,6.045479,20.538747,3.985226,0.729126,0.000000
18/08/2022,13:10:23:350,8950973,940,43,5.544765,0.647490,0.000883,4.648445,5.296817,6.019597,19.137359,3.780649,0.757446,0.000000
18/08/2022,13:10:24:335,8951958,1404,73,6.037097,13.057720,0.300346,5.822005,19.180071,6.494784,39.882750,4.768612,1.038574,0.000000
18/08/2022,13:10:25:366,8952989,1976,70,6.421771,11.440281,0.000868,5.530839,16.971987,6.863357,34.318803,4.435388,1.031616,0.000000
18/08/2022,13:10:26:341,8953964,1919,73,6.824632,11.960108,0.000770,5.401819,17.362696,7.249958,34.716105,4.372193,1.041626,0.000000
18/08/2022,13:10:27:345,8954968,2431,60,7.166236,10.925543,0.002567,5.706693,16.634803,7.576751,34.630009,4.622600,1.047485,0.000000
18/08/2022,13:10:28:361,8955984,2042,74,7.507505,11.155573,0.000243,5.527876,16.683692,7.903300,34.378775,4.429090,1.017456,0.000000
18/08/2022,13:10:29:326,8956949,1864,65,7.843691,11.166790,0.002523,5.603160,16.772473,8.225125,35.228195,4.569394,1.234253,0.000000
18/08/2022,13:10:30:366,8957989,1821,0,8.191586,11.912924,0.002150,6.023000,17.938074,8.559875,36.603384,4.867696,1.077759,0.000000
18/08/2022,13:10:31:331,8958954,2050,75,8.502198,10.998359,0.000646,5.555197,16.554202,8.856807,34.131681,4.466952,1.002930,0.000000
18/08/2022,13:10:32:363,8959986,2053,75,8.748062,9.916060,0.000633,5.726794,15.643488,9.090705,33.743848,4.628878,1.001587,0.000000
18/08/2022,13:10:33:347,8960970,2053,76,9.017067,10.211837,0.001300,5.826452,16.039590,9.346821,34.191035,4.688121,0.982666,0.000000
18/08/2022,13:10:34:332,8961955,2571,73,9.352109,12.641162,0.001054,5.908563,18.550780,9.670274,38.133252,4.812733,1.076904,0.000000
18/08/2022,13:10:35:337,8962960,2183,78,9.620800,11.244163,0.001053,5.744802,16.990019,9.927772,35.083701,4.609516,1.086182,0.000000
18/08/2022,13:10:36:339,8963962,1815,76,9.880481,11.099462,0.001094,5.762351,16.862907,10.176694,35.754941,4.657377,1.005859,0.000000
18/08/2022,13:10:37:337,8964960,2082,66,10.106592,10.614884,0.000609,5.577159,16.192651,10.391980,33.549985,4.474492,1.028564,0.000000
18/08/2022,13:10:38:337,8965960,1551,66,10.362235,11.466475,0.000061,5.812406,17.278943,10.637451,36.183859,4.687512,1.068848,0.000000
18/08/2022,13:10:39:338,8966961,2155,66,10.591784,11.169617,0.000977,5.619019,16.789612,10.857171,34.529086,4.492845,1.030029,0.000000
18/08/2022,13:10:40:356,8967979,2428,78,10.838024,11.801797,0.001829,5.675965,17.479591,11.094159,35.627808,4.583618,1.076050,0.000000
18/08/2022,13:10:41:340,8968963,3594,67,11.032568,10.666763,0.002039,5.520159,16.188960,11.279391,33.626234,4.432124,1.065918,0.000000
18/08/2022,13:10:42:349,8969972,2175,79,11.246182,11.354400,0.000372,5.756245,17.111017,11.484123,35.219704,4.621304,1.049316,0.000000
18/08/2022,13:10:43:342,8970965,1979,77,11.487084,11.592506,0.002541,6.336224,17.931270,11.716681,37.724325,5.100855,0.707153,0.000000
18/08/2022,13:10:44:359,8971982,799,58,11.312917,1.415402,0.000368,5.170132,6.585902,11.547578,23.010752,4.263057,0.718628,0.000000
18/08/2022,13:10:45:351,8972974,699,53,11.096468,0.469635,0.001679,4.888197,5.359511,11.509420,21.537120,4.054152,0.718506,0.000000
18/08/2022,13:10:46:346,8973969,798,52,10.890668,0.405035,0.000923,4.881621,5.287578,11.288989,22.030000,4.027890,0.718262,0.000000
18/08/2022,13:10:47:350,8974973,699,50,10.689111,0.425772,0.000614,4.786618,5.213005,11.073291,20.069954,3.885639,0.728394,0.000000
18/08/2022,13:10:48:339,8975962,799,48,10.472735,0.492897,0.000729,4.167114,4.660739,10.843356,16.951619,3.336507,0.723145,0.000000
18/08/2022,13:10:49:377,8977000,699,48,10.252619,0.480937,0.001111,3.758877,4.240925,10.610148,14.721294,2.963720,0.719727,0.000000
18/08/2022,13:10:50:342,8977965,1050,47,10.036118,0.564354,0.001111,3.830128,4.395593,10.380432,15.707975,3.032852,0.724976,0.000000
18/08/2022,13:10:51:364,8978987,699,46,9.843281,0.420934,0.000757,4.030719,4.452411,10.203032,16.157267,3.206815,0.722290,0.000000
18/08/2022,13:10:52:347,8979970,672,47,9.653456,0.445980,0.000776,4.200934,4.647690,10.091272,17.366143,3.407099,0.722534,0.000000
18/08/2022,13:10:53:354,8980977,1387,46,9.502801,0.509165,0.001554,4.847060,5.357779,9.925261,21.416083,3.999167,0.954468,0.000000
18/08/2022,13:10:54:362,8981985,989,61,9.838942,13.170658,0.002186,5.695096,18.867941,10.246240,38.456508,4.602402,1.091919,0.000000
18/08/2022,13:10:55:347,8982970,2135,61,10.096563,11.203066,0.000484,5.784427,16.987977,10.489183,35.124066,4.679281,1.121826,0.000000
18/08/2022,13:10:56:352,8983975,2196,66,10.333256,10.989988,0.000868,5.840891,16.831747,10.712079,35.110892,4.718358,1.092651,0.000000
18/08/2022,13:10:57:351,8984974,3421,69,10.559589,10.759860,0.000304,5.878870,16.639034,10.924814,35.402336,4.764876,1.064087,0.000000
18/08/2022,13:10:58:352,8985975,1370,64,10.755945,10.216906,0.002202,5.849467,16.068575,11.108152,33.709002,4.763553,1.032349,0.000000
18/08/2022,13:10:59:356,8986979,2313,66,10.945302,10.228993,0.002254,5.816127,16.047373,11.284906,34.212276,4.730286,0.992920,0.000000
18/08/2022,13:11:00:353,8987976,2299,78,11.178637,11.570539,0.000730,5.881382,17.452650,11.506064,36.144740,4.742060,1.115723,0.000000
18/08/2022,13:11:01:362,8988985,2157,69,11.395015,11.348437,0.003979,5.903024,17.255441,11.710783,35.316705,4.759824,1.099976,0.000000
18/08/2022,13:11:02:349,8989972,2256,80,11.602514,11.241720,0.002843,5.908614,17.153178,11.906903,35.196658,4.769392,1.090820,0.000000
18/08/2022,13:11:03:352,8990975,2149,70,11.765789,10.336276,0.000742,5.897406,16.234424,12.059448,34.660548,4.758763,0.942383,0.000000
18/08/2022,13:11:04:348,8991971,1398,60,11.693779,3.977630,0.001217,5.776676,9.755523,11.976918,25.912828,4.648642,0.907837,0.000000
18/08/2022,13:11:05:361,8992984,699,55,11.558829,2.502625,0.001222,5.407568,7.911415,11.810751,23.392607,4.380338,0.711548,0.000000
18/08/2022,13:11:06:356,8993979,699,52,11.334457,0.481232,0.000723,4.875086,5.357041,11.557899,20.695827,4.030563,0.719238,0.000000
18/08/2022,13:11:07:376,8994999,699,50,11.119131,0.430685,0.000491,4.837762,5.268938,11.405437,21.361262,3.978695,0.724121,0.000000
18/08/2022,13:11:08:360,8995983,599,49,10.906950,0.459408,0.000956,4.839881,5.300245,11.305582,21.553077,3.999437,0.721680,0.000000
18/08/2022,13:11:09:342,8996965,699,49,10.711433,0.487599,0.001551,4.854314,5.343463,11.096269,21.474567,3.993274,0.723389,0.000000
18/08/2022,13:11:10:397,8998020,633,48,10.526409,0.558444,0.002113,4.875239,5.435796,10.869561,20.386804,3.961163,0.724976,0.000000
18/08/2022,13:11:11:350,8998973,599,47,10.312795,0.546189,0.000984,4.309871,4.857043,10.660087,17.437190,3.434987,0.724243,0.000000
18/08/2022,13:11:12:382,9000005,2607,47,10.093821,0.561856,0.000576,3.323452,3.885884,10.429522,12.169052,2.504425,0.737915,0.000000
18/08/2022,13:11:13:371,9000994,599,46,9.870204,0.510126,0.000888,3.509788,4.020802,10.299322,13.639642,2.773906,0.721924,0.000000
18/08/2022,13:11:14:368,9001991,669,46,9.712408,0.520373,0.000494,4.881919,5.402785,10.126544,20.452634,3.984548,0.729980,0.000000
18/08/2022,13:11:15:366,9002989,876,55,9.770038,6.294604,0.001596,5.039576,11.335776,10.169472,28.736845,4.069991,1.161865,0.000000
18/08/2022,13:11:16:364,9003987,2530,78,10.092194,13.803914,0.001651,5.002926,18.808491,10.477391,35.636030,3.999576,1.096802,0.000000
18/08/2022,13:11:17:378,9005001,2424,61,10.318777,11.435958,0.000489,5.012772,16.449219,10.690244,32.106809,3.998992,1.019775,0.000000
18/08/2022,13:11:18:362,9005985,1786,66,10.591079,12.692544,0.000843,5.144590,17.837976,10.949094,33.786470,4.103879,1.028564,0.000000
18/08/2022,13:11:19:372,9006995,1924,63,10.762364,10.152119,0.000620,5.312292,15.465031,11.107797,32.141039,4.289135,1.199585,0.000000
18/08/2022,13:11:20:363,9007986,626,55,10.658570,3.450621,0.001082,4.447388,7.899092,10.991482,19.724160,3.507806,0.717896,0.000000
18/08/2022,13:11:21:377,9009000,699,50,10.410844,0.506468,0.000801,3.144913,3.652183,10.731723,11.195116,2.335842,0.718994,0.000000
18/08/2022,13:11:22:372,9009995,648,48,10.167655,0.507121,0.000602,3.187826,3.695549,10.477164,11.583919,2.387895,0.719238,0.000000
18/08/2022,13:11:23:377,9011000,2041,48,9.953018,0.482883,0.001043,3.643707,4.127633,10.251529,14.286095,2.872517,0.731079,0.000000
18/08/2022,13:11:24:377,9012000,499,47,9.795919,0.591889,0.001215,4.983019,5.576123,10.083716,20.496485,4.050312,0.718750,0.000000
18/08/2022,13:11:25:363,9012986,949,73,10.003860,10.097730,0.002331,5.547452,15.647512,10.639060,33.738626,4.466630,1.062744,0.000000
18/08/2022,13:11:26:389,9014012,599,58,10.213947,11.373356,0.001047,4.565328,15.939732,10.826476,28.959139,3.550283,0.709351,0.000000
18/08/2022,13:11:27:357,9014980,499,49,9.997697,0.957467,0.001047,3.353864,4.312378,10.617426,12.907304,2.577557,0.723511,0.000000
18/08/2022,13:11:28:386,9016009,699,48,9.780211,0.499442,0.000441,3.206914,3.706797,10.378762,11.934861,2.431517,0.722778,0.000000
18/08/2022,13:11:29:385,9017008,1072,46,9.560673,0.528358,0.000534,3.271674,3.800567,10.137249,11.941844,2.469308,0.723755,0.000000
18/08/2022,13:11:30:385,9018008,699,47,9.351860,0.505999,0.000672,3.201383,3.708054,9.907864,11.740380,2.415076,0.728760,0.000000
18/08/2022,13:11:31:370,9018993,2114,54,9.386898,6.151205,0.001286,4.183388,10.335878,9.923105,24.240417,3.328979,1.068481,0.000000
18/08/2022,13:11:32:393,9020016,1809,61,9.686206,12.151387,0.001301,5.742448,17.895136,10.203549,36.703383,4.645550,1.072876,0.000000
18/08/2022,13:11:33:378,9021001,2343,63,9.946381,11.008761,0.001301,5.797277,16.807340,10.444823,34.955305,4.708835,1.084351,0.000000
18/08/2022,13:11:34:374,9021997,2282,63,10.171625,10.535845,0.000682,5.812716,16.349243,10.652532,34.155484,4.738458,1.018311,0.000000
18/08/2022,13:11:35:385,9023008,1773,64,10.381243,10.195261,0.000674,5.868567,16.064502,10.845044,33.755647,4.766247,1.069824,0.000000
18/08/2022,13:11:36:373,9023996,2217,66,10.592221,10.300875,0.001087,5.922402,16.224364,11.039276,34.537573,4.793188,1.084106,0.000000
18/08/2022,13:11:37:384,9025007,1841,66,10.781789,10.041457,0.000803,5.922325,15.964585,11.213069,33.796255,4.799079,1.069458,0.000000
18/08/2022,13:11:38:369,9025992,2026,78,11.030623,11.639604,0.000543,6.033183,17.673330,11.446330,37.178499,4.895620,1.018188,0.000000
18/08/2022,13:11:39:376,9026999,2264,80,11.255103,11.507050,0.001551,5.909679,17.418280,11.656415,36.588996,4.767930,0.988159,0.000000
18/08/2022,13:11:40:388,9028011,2092,79,11.456989,10.935889,0.000969,5.926180,16.863038,11.843668,34.873032,4.771147,1.093140,0.000000
18/08/2022,13:11:41:378,9029001,2855,81,11.695874,12.142558,0.001206,5.922702,18.066467,12.068800,37.546905,4.782920,0.719971,0.000000
18/08/2022,13:11:42:381,9030004,699,58,11.494855,0.885655,0.000553,5.141444,6.027652,11.854770,21.304660,4.181371,0.712402,0.000000
18/08/2022,13:11:43:380,9031003,569,54,11.276181,0.474785,0.000730,4.920868,5.396383,11.619862,22.358345,4.082520,0.719971,0.000000
18/08/2022,13:11:44:391,9032014,599,52,11.079513,0.812214,0.000794,4.950962,5.763969,11.411141,21.578356,4.068765,0.724976,0.000000
18/08/2022,13:11:45:384,9033007,683,52,10.872809,0.493539,0.000725,4.854833,5.349097,11.192258,20.575790,3.994513,0.724976,0.000000
18/08/2022,13:11:46:395,9034018,699,50,10.676660,0.505536,0.000675,4.841280,5.347491,10.984978,20.459304,3.997250,0.935303,0.000000
18/08/2022,13:11:47:392,9035015,2192,83,11.317237,22.457601,0.001699,6.046545,28.505845,11.614477,50.861181,4.900622,0.849731,0.000000
18/08/2022,13:11:48:381,9036004,2358,89,11.853924,20.610557,0.002202,5.761829,26.374588,12.140570,45.459877,4.680626,0.800415,0.000000
18/08/2022,13:11:49:419,9037042,798,63,11.943153,8.982074,0.000431,5.389983,14.372487,12.219723,29.705755,4.373506,0.704834,0.000000
18/08/2022,13:11:50:392,9038015,699,58,11.768312,1.788718,0.025108,5.412984,7.226810,12.034629,23.288617,4.446158,0.850830,0.000000
18/08/2022,13:11:51:391,9039014,799,61,11.787195,6.296344,0.043785,5.971579,12.311708,11.887910,29.336980,4.831616,0.713379,0.000000
18/08/2022,13:11:52:394,9040017,699,54,11.519078,0.599660,0.001039,3.671701,4.272400,11.616199,13.791438,2.808718,0.722900,0.000000
18/08/2022,13:11:53:419,9041042,599,52,11.246542,0.556672,0.000547,3.361262,3.918481,11.420913,12.298827,2.551440,0.723267,0.000000
18/08/2022,13:11:54:367,9041990,3777,76,11.298822,8.299647,0.003464,4.375763,12.678873,11.466829,27.217438,3.504926,1.053101,0.000000
18/08/2022,13:11:55:430,9043053,1868,64,11.516398,11.906174,0.001418,5.824314,17.731905,11.678723,35.936290,4.714966,1.151733,0.000000
18/08/2022,13:11:56:393,9044016,2175,81,11.757489,12.041570,0.001897,5.829375,17.872841,11.913657,35.056097,4.684463,1.031372,0.000000
18/08/2022,13:11:57:396,9045019,2089,69,11.912008,10.776096,0.001268,5.472882,16.250246,12.062959,32.767545,4.382562,0.996216,0.000000
18/08/2022,13:11:58:397,9046020,1825,81,12.092929,11.163537,0.002128,5.791947,16.957611,12.238293,33.033225,4.594919,1.001831,0.000000
18/08/2022,13:11:59:408,9047031,799,64,12.096091,7.134973,0.000365,5.045796,12.181134,12.236243,25.501465,3.964111,0.707886,0.000000
18/08/2022,13:12:00:428,9048051,798,55,11.865733,0.670360,0.002536,5.043339,5.716235,12.000824,20.821259,4.119662,0.714111,0.000000
18/08/2022,13:12:01:400,9049023,1407,56,11.683940,1.404228,0.005156,5.456140,6.865525,11.814120,22.432630,4.458552,0.713257,0.000000
18/08/2022,13:12:02:391,9050014,699,51,11.428051,0.513472,0.001755,3.812567,4.327794,11.755540,14.393222,2.937867,0.724487,0.000000
18/08/2022,13:12:03:402,9051025,699,49,11.159430,0.539041,0.000800,3.306174,3.846016,11.475599,12.169930,2.520284,0.724243,0.000000
18/08/2022,13:12:04:415,9052038,632,49,10.888182,0.526836,0.000544,3.112310,3.639690,11.400634,11.373327,2.354205,0.716187,0.000000
18/08/2022,13:12:05:389,9053012,699,48,10.632614,0.480449,0.001024,3.342633,3.824106,11.126797,12.306748,2.522626,0.729492,0.000000
18/08/2022,13:12:06:424,9054047,799,47,10.391960,0.522496,0.000564,3.191374,3.714434,10.868953,11.800526,2.429911,0.718628,0.000000
18/08/2022,13:12:07:395,9055018,699,48,10.142989,0.535222,0.000767,3.120518,3.656507,10.821355,11.420139,2.338321,0.723633,0.000000
18/08/2022,13:12:08:419,9056042,699,47,9.917142,0.506384,0.001069,3.122943,3.630396,10.572239,11.554621,2.363572,0.722534,0.000000
18/08/2022,13:12:09:400,9057023,799,46,9.687813,0.504375,0.001013,3.141046,3.646433,10.318705,11.705989,2.394817,0.723145,0.000000
18/08/2022,13:12:10:425,9058048,699,46,9.497225,0.514350,0.000498,3.733137,4.247985,10.081452,14.499517,2.890966,0.729248,0.000000
18/08/2022,13:12:11:413,9059036,799,46,9.288148,0.462914,0.000774,3.322160,3.785849,9.973815,12.294684,2.519412,0.729126,0.000000
18/08/2022,13:12:12:392,9060015,610,46,9.089552,0.493162,0.002039,3.164745,3.659945,9.832798,11.760944,2.395554,0.724609,0.000000
18/08/2022,13:12:13:440,9061063,699,45,8.894451,0.499554,0.001993,3.013679,3.515226,9.611909,11.096658,2.277678,0.729614,0.000000
18/08/2022,13:12:14:399,9062022,799,45,8.700519,0.557886,0.001993,3.148226,3.708104,9.390938,11.767006,2.392263,0.723022,0.000000
18/08/2022,13:12:15:436,9063059,699,45,8.535220,0.609333,0.000318,3.264616,3.874267,9.305520,12.072678,2.448223,0.728760,0.000000
18/08/2022,13:12:16:422,9064045,799,46,8.367345,0.510294,0.000412,3.491751,4.002457,9.109306,13.299342,2.709831,0.724731,0.000000
18/08/2022,13:12:17:412,9065035,698,45,8.202388,0.632614,0.000412,3.054685,3.687711,8.918195,11.343168,2.305958,0.723145,0.000000
18/08/2022,13:12:18:425,9066048,798,43,8.040890,0.484640,0.000741,3.144761,3.630142,8.731413,11.658700,2.395830,0.723877,0.000000
18/08/2022,13:12:19:427,9067050,834,53,8.107977,5.845899,0.000302,4.056375,9.902576,10.351688,23.468681,3.222258,1.085449,0.000000
18/08/2022,13:12:20:419,9068042,2782,75,8.515451,14.231547,0.001278,5.250304,19.483128,10.678463,36.791103,4.262410,1.138672,0.000000
18/08/2022,13:12:21:435,9069058,2408,78,8.840043,12.497133,0.001538,5.178636,17.677307,10.926422,34.085579,4.156303,1.131226,0.000000
18/08/2022,13:12:22:397,9070020,2918,78,9.148365,12.078833,0.000961,5.257314,17.337108,11.159038,33.753460,4.229095,1.055908,0.000000
18/08/2022,13:12:23:442,9071065,1648,78,9.424884,11.863407,0.000825,5.332519,17.196750,11.366477,33.300781,4.265404,1.111328,0.000000
18/08/2022,13:12:24:404,9072027,699,54,9.355918,3.582962,0.000932,3.998385,7.582279,11.224839,17.964077,3.109289,0.716187,0.000000
18/08/2022,13:12:25:442,9073065,699,49,9.191458,0.515309,0.000698,4.053128,4.569135,10.992025,15.858789,3.178310,0.718018,0.000000
18/08/2022,13:12:26:414,9074037,599,48,9.006470,0.537391,0.000764,3.663264,4.201420,10.740287,13.698607,2.827844,0.729736,0.000000
18/08/2022,13:12:27:442,9075065,599,48,8.822724,0.527653,0.000565,3.190595,3.718812,10.551587,11.712546,2.391901,0.728882,0.000000
18/08/2022,13:12:28:425,9076048,699,47,8.627697,0.510389,0.000565,2.994582,3.505536,10.359335,10.744681,2.226299,0.724121,0.000000
18/08/2022,13:12:29:420,9077043,698,46,8.454539,0.496105,0.001987,3.197332,3.695424,10.125622,11.885447,2.423009,0.734741,0.000000
18/08/2022,13:12:30:433,9078056,798,0,8.335594,0.428718,0.001840,4.676765,5.107324,9.947114,19.920157,3.869972,0.723633,0.000000
18/08/2022,13:12:31:428,9079051,699,46,8.225405,0.512081,0.001747,4.776087,5.289915,9.778623,20.296778,3.952343,0.724121,0.000000
18/08/2022,13:12:32:417,9080040,799,45,8.061820,0.544961,0.000736,3.076316,3.622013,9.560064,11.119451,2.278503,0.744141,0.000000
18/08/2022,13:12:33:429,9081052,657,45,7.906942,0.557331,0.002281,3.121794,3.681406,9.352211,11.680549,2.366239,0.724487,0.000000
18/08/2022,13:12:34:437,9082060,699,52,8.084254,8.099927,0.001751,4.716007,12.817685,9.477340,28.439364,3.826922,0.728516,0.000000
18/08/2022,13:12:35:407,9083030,651,47,7.978778,0.491366,0.001875,4.664017,5.157259,9.321662,19.317415,3.793435,0.724976,0.000000
18/08/2022,13:12:36:449,9084072,699,46,7.859147,0.474802,0.002016,4.045138,4.521956,9.222863,16.241581,3.195914,0.724243,0.000000
18/08/2022,13:12:37:426,9085049,720,46,7.735251,0.457559,0.000527,4.074976,4.533061,9.048168,16.865248,3.266258,0.729492,0.000000
18/08/2022,13:12:38:423,9086046,699,45,7.609233,0.466728,0.001999,3.654960,4.123688,8.876515,14.552382,2.917293,0.725464,0.000000
18/08/2022,13:12:39:453,9087076,1507,63,7.733250,7.031582,0.003626,4.070977,11.106186,8.955588,25.240811,3.244481,0.907715,0.000000
18/08/2022,13:12:40:429,9088052,699,49,7.872489,6.624530,0.002304,4.880567,11.507402,9.049823,26.205191,3.952761,0.719116,0.000000
18/08/2022,13:12:41:436,9089059,599,47,7.763423,0.499276,0.001749,4.245709,4.746734,8.925721,17.365284,3.420908,0.723511,0.000000
18/08/2022,13:12:42:433,9090056,698,46,7.627803,0.518738,0.000849,3.469136,3.988723,8.748518,13.523318,2.734945,0.722290,0.000000
18/08/2022,13:12:43:438,9091061,599,45,7.500614,0.498678,0.001774,3.558937,4.059388,8.612773,13.922376,2.757846,0.723267,0.000000
18/08/2022,13:12:44:454,9092077,698,45,7.398246,0.522507,0.000304,4.122920,4.645731,8.470526,16.998504,3.333262,0.728882,0.000000
18/08/2022,13:12:45:427,9093050,2128,66,7.955951,17.588368,0.001868,5.223343,22.813578,8.988925,41.146097,4.265019,0.714966,0.000000
18/08/2022,13:12:46:454,9094077,699,49,7.841103,0.451072,0.000688,4.209362,4.661122,8.837916,17.065593,3.396914,0.721680,0.000000
18/08/2022,13:12:47:440,9095063,699,47,7.709831,0.522929,0.002258,3.736922,4.262110,8.733144,15.088330,2.940493,0.739746,0.000000
18/08/2022,13:12:48:450,9096073,759,46,7.607512,0.726727,0.000124,4.077391,4.804241,8.594931,16.863939,3.282811,0.734131,0.000000
18/08/2022,13:12:49:419,9097042,699,46,7.466685,0.547201,0.000483,3.155699,3.703384,8.540234,11.800191,2.399146,0.729370,0.000000
18/08/2022,13:12:50:464,9098087,700,45,7.346098,0.507367,0.000483,3.474379,3.982229,8.567856,13.609641,2.722496,1.028931,0.000000
18/08/2022,13:12:51:437,9099060,1144,50,7.555575,7.614662,0.001169,5.348434,12.964265,8.731779,31.011403,4.360513,0.717896,0.000000
18/08/2022,13:12:52:457,9100080,699,46,7.470769,0.351234,0.001567,4.764806,5.117607,8.606187,21.218194,3.968102,0.734985,0.000000
18/08/2022,13:12:53:446,9101069,699,45,7.353505,0.475236,0.000898,3.775623,4.251757,8.447561,15.055039,3.001374,0.733032,0.000000
18/08/2022,13:12:54:453,9102076,699,45,7.235867,0.528889,0.000679,3.493445,4.023013,8.403527,13.678163,2.731477,0.728027,0.000000
18/08/2022,13:12:55:445,9103068,699,43,7.157351,0.376697,0.000909,4.675086,5.052692,8.283136,19.680966,3.826605,0.729980,0.000000
18/08/2022,13:12:56:462,9104085,699,45,7.068281,0.460902,0.000909,4.181476,4.643286,8.154181,16.901501,3.348775,0.727905,0.000000
18/08/2022,13:12:57:449,9105072,699,43,6.938297,0.412182,0.000300,3.077084,3.489567,7.984589,11.251774,2.339821,0.728394,0.000000
18/08/2022,13:12:58:458,9106081,621,43,6.826547,0.787335,0.000928,2.979823,3.768085,7.835957,11.290391,2.232576,0.729736,0.000000
18/08/2022,13:12:59:445,9107068,699,44,6.745504,0.487676,0.001815,4.088085,4.577576,7.718539,16.802210,3.282772,0.722778,0.000000
18/08/2022,13:13:00:454,9108077,600,43,6.688050,0.473935,0.000989,4.640701,5.115625,7.626880,19.532295,3.829049,0.733887,0.000000
18/08/2022,13:13:01:458,9109081,1569,45,6.644441,0.588977,0.000788,4.885701,5.475466,7.576433,20.724813,4.026193,0.729980,0.000000
18/08/2022,13:13:02:444,9110067,699,42,6.546094,0.382548,0.000667,3.523946,3.907161,7.549828,13.437157,2.725223,0.727905,0.000000
18/08/2022,13:13:03:481,9111104,640,42,6.441706,0.465772,0.002288,3.116672,3.584732,7.410200,11.578852,2.362853,0.727905,0.000000
18/08/2022,13:13:04:441,9112064,699,42,6.335001,0.483745,0.000884,3.073144,3.557772,7.391192,11.426994,2.331860,0.729004,0.000000
18/08/2022,13:13:05:479,9113102,699,42,6.249135,0.489044,0.001272,3.340261,3.830577,7.269241,12.481880,2.562776,0.728394,0.000000
18/08/2022,13:13:06:467,9114090,599,42,6.152347,0.438712,0.001272,3.198311,3.638295,7.187482,11.938286,2.444021,0.727539,0.000000
18/08/2022,13:13:07:460,9115083,699,41,6.058896,0.429470,0.000927,3.073528,3.503925,7.057637,11.266454,2.331189,0.728027,0.000000
18/08/2022,13:13:08:452,9116075,599,41,5.970437,0.445360,0.000860,3.120898,3.567118,6.933723,11.576273,2.380371,0.728882,0.000000
18/08/2022,13:13:09:450,9117073,600,41,5.883043,0.484651,0.000801,3.015724,3.501176,6.812113,11.231453,2.304754,0.728638,0.000000
18/08/2022,13:13:10:471,9118094,598,40,5.802085,0.460121,0.000856,3.150688,3.611665,6.698040,11.575601,2.367235,0.728516,0.000000
18/08/2022,13:13:11:452,9119075,599,41,5.730814,0.569602,0.001432,3.278426,3.849459,6.651834,12.271428,2.505213,0.728271,0.000000
18/08/2022,13:13:12:483,9120106,699,41,5.654815,0.462097,0.000935,3.096396,3.559428,6.543600,11.411794,2.347946,0.727295,0.000000
18/08/2022,13:13:13:460,9121083,599,41,5.574666,0.490943,0.000828,2.986344,3.478115,6.565601,10.839950,2.239349,0.729004,0.000000
18/08/2022,13:13:14:469,9122092,599,41,5.536483,0.457233,0.001437,4.022823,4.481492,6.604890,16.508013,3.244651,0.728394,0.000000
18/08/2022,13:13:15:470,9123093,499,42,5.508135,0.463928,0.001209,4.285444,4.750580,6.538069,17.427111,3.462154,0.728516,0.000000
18/08/2022,13:13:16:457,9124080,599,40,5.449017,0.460999,0.000854,3.390991,3.852844,6.442168,13.134376,2.660207,0.725342,0.000000
18/08/2022,13:13:17:494,9125117,520,40,5.412064,0.593964,0.000680,3.806071,4.400715,6.370207,14.816223,2.969680,0.729248,0.000000
18/08/2022,13:13:18:457,9126080,599,41,5.343815,0.432077,0.000680,3.134736,3.567493,6.389716,11.553540,2.370070,0.733765,0.000000
18/08/2022,13:13:19:470,9127093,599,37,5.284099,0.488851,0.000680,3.119782,3.609314,6.293990,11.610153,2.378301,0.729248,0.000000
18/08/2022,13:13:20:492,9128115,599,40,5.229432,0.458698,0.000723,3.313662,3.773082,6.202878,12.467630,2.543921,0.727173,0.000000
18/08/2022,13:13:21:486,9129109,1160,66,5.559721,10.191371,0.001800,4.129745,14.322917,6.497809,28.244378,3.298591,0.843018,0.000000
18/08/2022,13:13:22:475,9130098,1980,72,6.339506,21.806113,0.001104,5.696206,27.503423,7.244259,48.433744,4.679815,0.791748,0.000000
18/08/2022,13:13:23:483,9131106,1835,81,7.120471,22.617012,0.001049,5.831665,28.449727,7.993266,47.895868,4.779739,0.815674,0.000000
18/08/2022,13:13:24:488,9132111,699,54,7.167496,4.454661,0.001049,3.967142,8.422852,7.949231,18.066346,3.080184,0.712646,0.000000
18/08/2022,13:13:25:491,9133114,599,49,7.041195,0.445344,0.002126,3.201205,3.648674,7.933370,11.508161,2.400170,0.719238,0.000000
18/08/2022,13:13:26:470,9134093,599,47,6.927928,0.520805,0.002006,3.359524,3.882335,7.788256,12.464795,2.587002,0.724365,0.000000
18/08/2022,13:13:27:495,9135118,499,45,6.816188,0.501187,0.001247,3.229689,3.732122,7.763469,11.803503,2.477901,0.724609,0.000000
18/08/2022,13:13:28:465,9136088,699,44,6.692271,0.437975,0.000715,2.989123,3.427813,7.702763,10.925233,2.261993,0.723755,0.000000
18/08/2022,13:13:29:646,9137269,1826,61,7.150944,14.730743,0.002020,5.240644,19.973407,8.126100,38.622130,4.226119,1.050781,0.000000
18/08/2022,13:13:30:568,9138191,2716,85,8.081327,22.903946,0.001034,6.304141,29.209121,9.015352,51.455277,5.295770,0.912476,0.000000
18/08/2022,13:13:31:492,9139115,2730,87,8.775827,22.540065,0.002717,6.652567,29.195349,9.679129,50.647277,5.524178,0.931519,0.000000
18/08/2022,13:13:32:533,9140156,2473,87,9.399433,20.640584,0.099611,6.932775,27.672970,10.272926,49.222145,5.685517,0.886353,0.000000
18/08/2022,13:13:33:637,9141260,2291,82,10.014034,18.866365,0.083235,6.965037,25.914637,10.855021,47.099656,5.701975,0.925781,0.000000
18/08/2022,13:13:34:420,9142043,2330,88,10.656682,19.482499,0.002103,6.843242,26.327844,11.464540,46.827718,5.622636,0.830444,0.000000
18/08/2022,13:13:35:513,9143136,2277,83,10.998092,16.199384,0.023200,6.627297,22.849881,11.783329,42.086160,5.409104,0.955200,0.000000
18/08/2022,13:13:36:464,9144087,1515,64,10.987360,4.271403,0.207386,6.245133,10.723922,11.741861,27.703707,5.048049,0.723633,0.000000
18/08/2022,13:13:37:522,9145145,2009,60,10.905058,2.325953,0.140638,6.095035,8.561626,11.633960,24.885144,4.908484,0.728394,0.000000
18/08/2022,13:13:38:486,9146109,1050,57,10.734153,1.350266,0.038212,4.997851,6.386329,11.435487,19.570920,3.954639,0.732300,0.000000
18/08/2022,13:13:39:502,9147125,1298,54,10.570446,1.583872,0.030486,4.359862,5.974220,11.247659,17.445619,3.421194,0.732788,0.000000
18/08/2022,13:13:40:477,9148100,599,50,10.346833,0.657777,0.002039,3.760197,4.420013,11.131529,14.304454,2.924461,0.722778,0.000000
18/08/2022,13:13:41:490,9149113,699,49,10.183664,0.642373,0.003133,5.010627,5.656134,11.028813,20.655799,4.078651,0.721802,0.000000
18/08/2022,13:13:42:498,9150121,705,49,10.013556,0.575164,0.002290,4.904311,5.481765,10.919076,20.656492,4.059643,0.723633,0.000000
18/08/2022,13:13:43:478,9151101,699,48,9.794996,0.482716,0.000907,3.464830,3.948454,10.668133,13.054443,2.639404,0.728760,0.000000
18/08/2022,13:13:44:519,9152142,699,47,9.584337,0.628618,0.000907,3.140502,3.770028,10.426946,11.278822,2.336311,0.724487,0.000000
18/08/2022,13:13:45:498,9153121,1051,47,9.390237,0.638436,0.000586,3.719533,4.358556,10.201332,14.533682,2.935428,0.764893,0.000000
18/08/2022,13:13:46:501,9154124,1597,48,9.292812,1.199025,0.002499,5.399456,6.600980,10.075577,21.776972,4.346571,0.723389,0.000000
18/08/2022,13:13:47:503,9155126,898,49,9.207891,1.486685,0.114547,5.327989,6.929221,9.962645,22.597975,4.306199,0.729492,0.000000
18/08/2022,13:13:48:492,9156115,499,46,9.017137,0.595428,0.001584,3.280426,3.877438,9.789424,11.955710,2.484916,0.723267,0.000000
18/08/2022,13:13:49:503,9157126,699,46,8.822713,0.493038,0.001359,3.012744,3.507141,9.567973,11.013880,2.266138,0.728271,0.000000
18/08/2022,13:13:50:505,9158128,599,45,8.637376,0.553116,0.000724,3.140958,3.694798,9.433801,11.717483,2.393894,0.729004,0.000000
18/08/2022,13:13:51:497,9159120,699,45,8.496845,0.933862,0.006091,3.770424,4.710378,9.290599,14.482427,2.913917,0.727661,0.000000
18/08/2022,13:13:52:517,9160140,599,46,8.405392,1.230126,0.007822,4.674940,5.912889,9.171052,18.501562,3.722397,0.725830,1.101562
18/08/2022,13:13:53:488,9161111,535,46,8.268488,0.862264,0.007592,3.781083,4.650939,9.045843,14.447876,2.937758,0.728882,0.000000
18/08/2022,13:13:54:512,9162135,1456,46,8.188408,1.833196,0.027904,4.093422,5.954522,8.938971,17.021950,3.190171,0.728882,0.000000
18/08/2022,13:13:55:493,9163116,1597,48,8.137231,1.847223,0.233461,4.706986,6.787670,8.792864,19.991788,3.758619,0.770508,0.000000
18/08/2022,13:13:56:537,9164160,1657,60,8.455784,10.923487,0.573357,5.741879,17.238722,9.088167,35.832661,4.585948,1.027344,0.945312
18/08/2022,13:13:57:507,9165130,860,52,8.471050,3.526677,0.410208,4.927568,8.864452,9.079802,22.356791,3.871456,0.744751,0.000000
18/08/2022,13:13:58:493,9166116,1287,48,8.366821,1.220640,0.047521,4.197317,5.465478,8.954591,16.577362,3.300613,0.722534,0.000000
18/08/2022,13:13:59:546,9167169,699,47,8.252195,1.087057,0.001981,4.022687,5.111725,8.826122,15.449013,3.091623,0.723877,0.000000
18/08/2022,13:14:00:532,9168155,1161,48,8.170602,1.670576,0.022105,4.387837,6.080519,8.673380,18.450951,3.525883,0.723022,0.000000
18/08/2022,13:14:01:501,9169124,1273,47,8.118949,1.348840,0.022594,5.332333,6.703767,8.604021,22.611893,4.380735,0.729614,0.000000
