timestamp,Relative timestamp(mS),CPU0-Frequency(MHz),CPU0-DTS(Degree C),Power-EWMA Power(Watts),Power-IA Power(Watts),Power-GT Power(Watts),Power-Rest of Package Power(Watts),Power-Package Power(Watts),Power-Effective EWMA PeciMmio(Watts),Power-MSR Psys Power(Watts),Power-SA Power(Watts),Voltage-IA Target voltage(Volts),Voltage-GT Target Voltage(Volts)
125119454,7807077,1912,53,5.943854,7.953542,0.071832,4.827207,12.852581,6.777847,26.941005,3.815477,0.733032,0.0
125120422,7808045,1367,46,5.920137,1.144739,0.001034,4.173358,5.319131,6.722468,16.31488,3.285936,0.738037,0.0
125121452,7809075,1701,69,6.187838,8.335631,0.056924,5.295069,13.687624,6.962517,31.272809,4.312663,0.941772,0.0
125122412,7810035,1397,51,6.45059,7.308207,0.127388,5.874265,13.309859,7.196688,30.308605,4.723749,0.724121,0.0
125123398,7811021,1196,48,6.482265,1.661668,0.117751,5.594085,7.373504,7.202757,23.423385,4.56641,0.734131,0.0
125124411,7812034,1098,46,6.442286,0.865696,0.001114,4.480141,5.346952,7.137406,17.565893,3.555051,0.748901,0.0
125125414,7813037,599,43,6.355362,0.714846,0.001114,3.323688,4.039648,7.025223,12.003098,2.468935,0.728271,0.0
125126427,7814050,998,45,6.3459,1.776233,0.010964,4.304014,6.091211,6.991799,17.97059,3.41139,0.727051,0.0
125127411,7815034,861,43,6.332778,1.242192,0.000482,4.740879,5.983552,6.955286,19.950498,3.868787,0.835205,0.0
125128446,7816069,1295,53,6.429529,3.6613,0.069443,5.36636,9.097103,7.030249,26.376956,4.417552,1.020996,0.0
125129395,7817018,2604,59,6.92261,13.779674,0.29975,5.689479,19.768904,7.501125,39.69571,4.59808,1.023193,0.0
125130455,7818078,1760,58,7.258526,11.386948,0.00373,5.443062,16.83374,7.817434,33.879474,4.365206,1.019531,0.0
125131395,7819018,2344,60,7.675069,12.628634,0.10756,5.525351,18.261546,8.213191,36.614091,4.45847,0.975708,0.0
125132426,7820049,2538,59,7.992919,11.174368,0.036556,5.932024,17.142949,8.512657,34.736254,4.790337,1.034424,0.0
125133401,7821024,1813,59,8.253383,9.342227,0.000651,5.723748,15.066626,8.753983,32.568668,4.631969,1.01355,0.0
125134454,7822077,2070,59,8.488694,9.351288,0.00094,5.665742,15.01797,8.971881,32.813425,4.573259,0.994385,0.0
125135389,7823012,2092,67,8.847928,12.136548,0.000927,5.903485,18.04096,9.312943,37.238202,4.797844,1.000366,0.0
125136422,7824045,2159,60,9.051576,9.149209,0.001565,5.789211,14.939985,9.501047,32.717744,4.661544,0.969482,0.0
125137397,7825020,2065,58,9.25898,9.139261,0.001565,5.532545,14.673372,9.691869,31.662401,4.457755,0.969849,0.0
125138435,7826058,2209,75,9.515394,10.856308,0.001815,5.764536,16.622659,9.933209,35.278508,4.655136,1.015503,0.0
125139437,7827060,1831,74,9.765289,10.504045,0.000941,5.751299,16.256285,10.167614,34.228304,4.628078,1.043945,0.0
125140386,7828009,2887,78,10.108153,13.421521,0.001036,5.92376,19.346317,10.49608,39.222907,4.793481,1.121948,0.0
125141425,7829048,2412,66,10.31981,10.565128,0.001351,5.78657,16.353048,10.69459,34.185576,4.69097,1.029175,0.0
125142399,7830022,1835,64,10.521634,9.959315,0.001882,5.802809,15.764005,10.882701,33.765155,4.675399,1.068726,0.0
125143427,7831050,1575,66,10.722837,10.447967,0.00144,5.850364,16.299771,11.071138,35.184542,4.71681,1.004883,0.0
125144423,7832046,2001,65,10.908828,9.96583,0.001425,5.821495,15.78875,11.244342,33.884595,4.684938,1.029297,0.0
125145409,7833032,2250,65,11.071813,10.034891,0.000613,5.455232,15.490735,11.395544,31.998751,4.376367,1.0354,0.0
125146413,7834036,1725,67,11.244537,10.542723,0.000613,5.438385,15.981721,11.556879,33.371251,4.374269,0.939209,0.0
125147451,7835074,1514,65,11.419467,10.252327,0.000668,5.86521,16.118205,11.720435,33.514976,4.706502,1.049194,0.0
125148402,7836025,2725,67,11.590509,10.196634,0.000882,5.835796,16.033312,11.880319,34.170621,4.749483,1.018555,0.0
125149408,7837031,1191,64,11.692133,8.625491,0.001409,5.949423,14.576323,11.648143,33.146463,4.815925,0.712402,0.0
125150419,7838042,1705,55,11.480111,0.773982,0.003337,5.013612,5.790931,11.437911,22.473241,4.093256,0.735229,0.0
125151401,7839024,1418,52,11.259816,0.485078,0.001994,4.885834,5.372907,11.219138,21.696289,4.0448,0.722046,0.0
125152424,7840047,599,49,11.046421,0.329615,0.00093,4.857071,5.187616,11.092856,21.518187,4.029626,0.724487,0.0
125153408,7841031,799,49,10.809911,0.75201,0.00093,3.813756,4.566697,10.854651,15.035232,2.986487,0.725464,0.0
125154415,7842038,699,47,10.576407,0.492181,0.00229,3.684485,4.178956,10.63361,14.202145,2.815285,0.748535,0.0
125155410,7843033,941,51,10.504844,3.57159,0.00229,5.006762,8.580642,10.56007,24.538747,4.110815,0.848022,0.0
125156412,7844035,684,48,10.327197,1.305957,0.000489,4.2143,5.520746,10.380454,17.322096,3.333341,0.732544,0.0
125157424,7845047,699,47,10.123501,0.527975,0.000915,4.100514,4.629404,10.286374,16.647035,3.284348,1.129272,0.0
125158442,7846065,692,46,9.948901,0.463192,0.001447,4.828033,5.292672,10.105887,20.425727,3.978053,0.72998,0.0
125159395,7847018,1430,69,9.993987,6.018968,0.000661,5.173038,11.192668,10.145244,29.427851,4.230841,1.176392,0.0
125200442,7848065,2888,78,10.307391,13.468659,6.4e-05,5.733334,19.202057,10.453499,39.111457,4.654108,1.041992,0.0
125201428,7849051,2752,78,10.599068,12.2546,0.004897,5.848241,18.107738,10.739713,37.56192,4.731787,1.057007,0.0
125202420,7850043,2652,79,10.882921,12.741367,0.004086,5.914344,18.659797,11.018613,38.249249,4.786235,1.092651,0.0
125203437,7851060,2612,80,11.113212,11.454244,0.002277,5.926563,17.383083,11.244097,35.576503,4.778961,1.107666,0.0
125204412,7852035,2099,80,11.349817,11.756139,0.002281,5.868977,17.627397,11.475948,35.937909,4.748343,1.121094,0.0
125205423,7853046,2575,80,11.550432,11.216384,0.001315,5.893367,17.111065,11.672171,35.085719,4.757556,1.159058,0.0
125206437,7854060,2560,69,11.762767,11.518784,0.001752,5.916422,17.436959,11.880321,36.015869,4.768433,1.027832,0.0
125207416,7855039,2363,66,11.902509,9.73646,0.000722,5.880535,15.617717,12.015668,33.133098,4.742104,1.058838,0.0
125208422,7856045,2438,66,12.033389,9.771049,0.000722,5.87399,15.645761,12.142591,33.117214,4.737799,1.073364,0.0
125209428,7857051,1603,64,12.06237,7.036941,6.1e-05,5.803012,12.840013,12.167649,30.081465,4.696853,0.912231,0.0
125210426,7858049,1793,60,11.974094,3.863902,0.001335,5.740156,9.605393,12.075591,25.883279,4.621424,0.873535,0.0
125211448,7859071,798,54,11.779702,1.446369,0.000671,5.089515,6.536554,11.947059,21.786918,4.138404,0.718872,0.0
125212414,7860037,798,51,11.540665,0.407956,0.000671,4.822104,5.230731,11.701913,21.755278,3.991961,0.718262,0.0
125213446,7861069,699,49,11.326796,0.514755,0.000885,4.825917,5.341557,11.506662,21.316766,3.989382,0.721558,0.0
125214432,7862055,669,49,11.104193,0.475637,0.00065,4.816739,5.293026,11.277424,21.081945,3.984834,0.722656,0.0
125215428,7863051,699,48,10.902656,0.52546,0.000496,4.849294,5.37525,11.069794,20.615492,3.96871,0.722412,0.0
125216438,7864061,674,47,10.693109,0.50783,0.000735,4.503188,5.011753,10.927874,18.305098,3.607999,0.724731,0.0
125217439,7865062,599,46,10.444358,0.592421,0.001328,3.210131,3.80388,10.68977,11.757892,2.426328,0.74231,0.0
125218433,7866056,671,46,10.227276,0.509583,0.001328,3.85515,4.36606,10.463923,15.391235,3.072388,0.723633,0.0
125219431,7867054,699,46,10.051578,0.499088,0.002026,4.776921,5.278035,10.296128,20.458702,3.958926,0.727417,0.0
125220438,7868061,699,46,9.880068,0.495437,0.000367,4.743853,5.239657,10.116081,20.296391,3.92845,0.724976,0.0
125221428,7869051,804,55,10.066352,10.364293,0.001643,4.714494,15.08043,11.237182,31.013428,3.760989,1.155151,0.0
125222437,7870060,2544,78,10.367965,13.583248,0.001601,5.003377,18.588226,11.497094,35.256336,4.007631,1.119629,0.0
125223433,7871056,2187,79,10.600312,11.794605,0.001391,5.019643,16.815639,11.688752,33.00174,4.025434,1.111694,0.0
125224446,7872069,2560,0,10.817713,11.733151,0.002022,4.976816,16.71199,11.867435,31.959442,4.008711,1.033203,0.0
125225442,7873065,798,60,10.929616,8.928074,0.000481,4.973104,13.901658,11.941249,28.094627,3.937672,0.724731,0.0
125226436,7874059,2285,52,10.680066,0.62751,0.000674,3.285971,3.914155,11.655713,12.151021,2.488408,0.716675,0.0
125227456,7875079,699,49,10.432823,0.548088,0.002395,3.164986,3.715469,11.369486,11.487688,2.37509,0.724609,0.0
125228444,7876067,798,48,10.185008,0.432273,0.002395,3.195397,3.630064,11.087826,11.830937,2.434997,0.724121,0.0
125229453,7877076,799,48,9.994427,0.574892,0.000741,4.208275,4.783908,10.865388,16.766475,3.332408,0.722778,0.0
125230424,7878047,1060,48,9.861315,2.29167,0.001638,3.996225,6.289533,10.700984,18.764165,3.229457,0.974365,0.0
125231447,7879070,2643,60,10.114246,11.915873,0.000503,5.238526,17.154902,10.924797,34.48656,4.206271,0.885254,0.0
125232442,7880065,1418,55,10.185172,8.13292,0.000655,3.918159,12.051734,10.966051,21.96626,2.966595,0.724731,0.0
125233446,7881069,699,49,9.95966,0.513345,0.000552,3.331564,3.84546,10.712507,12.39247,2.54352,0.729004,0.0
125234449,7882072,699,48,9.735621,0.543724,0.00073,3.167129,3.711583,10.461724,12.014199,2.392116,0.729736,0.0
125235442,7883065,699,46,9.525325,0.797473,0.001217,3.066241,3.864931,10.430198,11.353208,2.349306,0.729248,0.0
125236451,7884074,699,46,9.317067,0.553742,0.001217,3.098044,3.653003,10.25078,11.061977,2.289371,0.72876,0.0
125237445,7885068,3865,80,9.558257,11.027847,0.000545,4.995035,16.023427,10.458183,33.845476,4.034248,1.140625,0.0
125238438,7886061,2159,78,9.856086,12.188899,0.000545,5.766816,17.95626,10.724097,37.540315,4.669977,1.072021,0.0
125239447,7887070,2077,79,10.141342,12.053338,0.002088,5.836042,17.891467,10.978539,37.043607,4.712897,1.086914,0.0
125240436,7888059,2121,79,10.421706,12.08732,0.002178,5.832033,17.921531,11.228735,36.435263,4.764439,1.066284,0.0
125241472,7889095,3184,83,10.665685,11.39498,0.001174,5.939932,17.336085,11.444237,36.535003,4.794993,1.115845,0.0
125242426,7890049,2334,69,10.906749,11.229232,0.000707,5.950987,17.180925,11.656494,36.087198,4.807004,1.053101,0.0
125243459,7891082,2399,72,11.172716,12.73837,0.000896,5.97364,18.712905,11.896916,38.034125,4.846691,1.040894,0.0
125244432,7892055,1821,66,11.3387,9.787427,0.002009,5.882359,15.671796,12.036182,33.193976,4.748346,0.913818,0.0
125245466,7893089,3407,71,11.503745,10.232704,0.002258,5.853228,16.08819,12.17699,34.071897,4.743114,1.063599,0.0
125246459,7894082,1653,66,11.653695,9.685387,0.00065,5.882182,15.568219,12.302102,32.944524,4.740242,1.095581,0.0
125247472,7895095,700,61,11.698708,7.273336,0.000673,5.642572,12.91658,12.189827,29.934201,4.573224,0.712402,0.0
125248439,7896062,699,55,11.474729,0.558484,0.000905,4.942288,5.501676,11.948099,21.566299,4.093819,0.71228,0.0
125249459,7897082,699,53,11.263338,0.529434,0.000505,4.823842,5.353782,11.790517,21.53343,3.998529,0.719971,0.0
125250467,7898090,799,51,11.047562,0.47775,0.001077,4.86124,5.340067,11.596689,20.744421,4.002974,0.725708,0.0
125251468,7899091,699,49,10.840309,0.468966,0.000484,4.821092,5.290542,11.493417,20.325128,3.960182,0.716919,0.0
125252437,7900060,1707,78,10.85046,6.126572,0.002018,4.996521,11.125111,11.480303,28.854094,4.075847,1.040771,0.0
125253443,7901066,2451,87,11.500637,24.011659,0.002144,5.643419,29.657222,12.109354,49.714393,4.638861,0.880859,0.0
125254464,7902087,2009,88,12.03137,20.411199,0.002144,5.844516,26.257858,12.617689,45.104618,4.729802,0.858643,0.0
125255449,7903072,799,60,11.903575,3.138542,0.00155,5.396903,8.536994,12.468453,23.567132,4.378507,0.711914,0.0
125256458,7904081,785,55,11.678058,0.554398,0.000558,4.937961,5.492916,12.223063,20.700532,4.110445,0.710571,0.0
125257453,7905076,699,52,11.403146,0.511631,0.000968,3.536591,4.04919,11.912056,13.175177,2.70238,0.719727,0.0
125258470,7906093,599,51,11.128879,0.561879,0.002206,3.128757,3.692842,11.619686,11.324228,2.342439,0.719238,0.0
125259469,7907092,699,49,10.865651,0.574848,0.000781,3.298931,3.87456,11.459393,12.266747,2.51851,0.724121,0.0
125300447,7908070,2078,76,11.13358,13.150502,0.002696,5.244576,18.397775,11.705953,36.602826,4.204827,0.977295,0.0
125301452,7909075,1455,65,11.335548,11.738596,0.002746,5.174571,16.915912,11.88793,32.5722,4.125702,1.050171,0.0
125302450,7910073,1301,83,11.526888,11.557143,0.00249,5.10679,16.666424,12.059444,32.372159,4.077744,1.055908,0.0
125303465,7911088,2156,81,11.711117,10.971207,0.00049,5.729101,16.700798,12.224875,33.36201,4.598587,1.051147,0.0
125304450,7912073,1823,81,11.887479,10.771864,0.000901,5.798731,16.571496,12.382595,32.904751,4.607942,0.987671,0.0
125305468,7913091,747,56,11.66638,1.323356,0.002103,4.289714,5.615172,12.230105,17.25248,3.427521,0.728638,0.0
125306469,7914092,699,53,11.392219,0.496966,0.001977,3.63406,4.133003,12.111539,13.655327,2.795566,0.722168,0.0
125307483,7915106,599,51,11.116588,0.502854,0.001159,3.178238,3.682251,11.929483,11.558655,2.398621,0.717651,0.0
125308451,7916074,683,49,10.848065,0.495557,0.000782,3.21272,3.709059,11.631786,11.870257,2.438883,0.718628,0.0
125309463,7917086,599,49,10.602169,0.564386,0.000883,3.170108,3.735377,11.358796,11.470444,2.372418,0.723511,0.0
125310468,7918091,699,48,10.358293,0.535431,0.001872,3.310629,3.847932,11.129147,12.333448,2.529246,0.721924,0.0
125311466,7919089,599,48,10.127722,0.584506,0.001153,3.348771,3.934429,10.870908,12.360816,2.543251,0.729126,0.0
125312456,7920079,599,47,9.898962,0.522196,0.000857,3.186562,3.709615,10.729266,11.781584,2.419076,0.722778,0.0
125313505,7921128,599,46,9.671345,0.444122,0.000493,3.023169,3.467783,10.641155,10.823239,2.251218,0.724365,0.0
125314468,7922091,599,46,9.460197,0.633473,0.000815,3.395723,4.030011,10.393709,12.766789,2.595725,0.729492,0.0
125315476,7923099,699,46,9.27255,0.5445,0.00038,3.459331,4.004211,10.175012,12.979481,2.65378,0.723145,0.0
125316471,7924094,599,47,9.071767,0.464653,0.002417,3.239198,3.706268,9.997149,11.86417,2.440922,0.722168,0.0
125317495,7925118,499,46,8.883999,0.593728,0.001718,3.192418,3.787864,9.839266,11.819022,2.419424,0.728027,0.0
125318464,7926087,799,45,8.703868,0.623443,0.001718,3.318907,3.944068,9.602892,12.408953,2.537693,0.729126,0.0
125319475,7927098,599,45,8.527329,0.448011,0.00151,3.158356,3.607877,9.509151,11.682825,2.398023,0.728394,0.0
125320487,7928110,599,45,8.352675,0.452396,0.001086,3.24153,3.695012,9.458859,12.176238,2.500788,0.727661,0.0
125321471,7929094,699,45,8.178723,0.534586,0.000724,2.999713,3.535023,9.244967,10.933133,2.237252,0.728027,0.0
125322476,7930099,599,43,8.017245,0.469878,0.001487,3.112448,3.583813,9.046017,11.545952,2.355783,0.72876,0.0
125323480,7931103,599,45,7.86399,0.476062,0.000973,3.270427,3.747461,8.863727,12.261089,2.50414,0.729614,0.0
125324473,7932096,599,45,7.719808,0.505546,0.000973,3.336444,3.842963,8.756,12.782291,2.589841,0.952637,0.0
125325497,7933120,809,74,8.116496,13.862078,0.003024,5.085511,18.950613,9.115724,37.376179,4.092584,1.103882,0.0
125326480,7934103,2457,76,8.49754,13.325433,0.001786,5.19829,18.52551,9.460189,34.879267,4.177749,1.150269,0.0
125327481,7935104,2660,63,8.804504,11.978848,0.000869,5.261442,17.241159,9.733357,33.46127,4.224067,1.097656,0.0
125328514,7936137,2593,64,9.064603,10.833374,0.001831,5.252075,16.08728,9.96051,32.179749,4.203918,0.991089,0.0
125329460,7937083,699,57,9.158267,7.010332,0.00053,4.582754,11.593616,10.020935,23.592749,3.577654,0.718872,0.0
125330500,7938123,699,52,9.019563,0.891268,0.001742,4.159875,5.052885,9.852908,17.221066,3.352551,0.7229,0.0
125331484,7939107,599,48,8.824199,0.481656,0.000704,3.282453,3.764813,9.626779,11.9213,2.459088,1.042969,0.0
125332495,7940118,599,48,8.682912,1.494275,0.000869,3.304591,4.799735,9.457143,13.228936,2.49382,0.72937,0.0
125333495,7941118,599,47,8.50229,0.502635,0.000603,3.182234,3.685473,9.313873,11.679651,2.395886,0.722534,0.0
125334494,7942117,499,46,8.336937,0.577271,0.000549,3.294583,3.872403,9.192678,12.258808,2.519148,0.729492,0.0
125335519,7943142,680,46,8.201671,0.630941,0.000794,3.913977,4.545713,9.027047,15.424824,3.069012,0.721924,0.0
125336468,7944091,654,46,8.0338,0.537097,0.00149,3.072858,3.611445,8.935665,11.35503,2.337308,0.723267,0.0
125337509,7945132,599,45,7.888196,0.553107,0.002249,3.186955,3.74231,8.762953,11.841591,2.415322,0.722656,0.0
125338483,7946106,599,45,7.731934,0.527719,0.002249,3.151174,3.681142,8.63697,12.150926,2.407778,0.723999,0.0
125339514,7947137,1137,73,7.838701,6.852801,0.002249,3.958818,10.813868,8.712384,23.481963,3.122549,1.052368,0.0
125340487,7948110,698,48,7.80633,1.985677,0.001061,4.976228,6.962966,8.613693,21.884633,4.088347,0.723999,0.0
125341495,7949118,599,48,7.703193,0.547687,0.000627,4.293098,4.841411,8.482606,17.61798,3.416402,0.72937,0.0
125342505,7950128,655,46,7.577442,0.607624,6.1e-05,3.598953,4.206638,8.421129,14.074998,2.841984,0.722534,0.0
125343506,7951129,602,45,7.452658,0.503555,0.000483,3.617467,4.121505,8.266035,14.246849,2.791377,0.728638,0.0
125344522,7952145,799,45,7.351758,0.498413,0.001343,4.127686,4.627441,8.212727,16.919983,3.31366,0.728394,0.0
125345493,7953116,599,55,7.749725,13.139783,0.00072,5.168061,18.308564,8.579062,35.63299,4.222729,0.715942,0.0
125346505,7954128,799,47,7.645635,0.556231,0.001886,4.190054,4.748171,8.446212,17.048243,3.385959,0.72168,0.0
125347516,7955139,2595,46,7.521984,0.420726,0.001207,3.799152,4.221085,8.293655,14.96519,2.966781,0.724365,0.0
125348497,7956120,599,46,7.414489,0.47186,0.000906,4.072089,4.544855,8.232145,16.718647,3.274272,0.721802,0.0
125349514,7957137,699,45,7.307129,0.485606,0.002178,3.862404,4.350187,8.096138,15.733134,3.126902,0.729004,0.0
125350498,7958121,1996,67,7.520949,8.901321,0.002588,4.30752,13.21143,8.281202,28.015616,3.454218,0.813232,0.0
125351513,7959136,699,53,7.775336,9.414194,0.001299,5.322117,14.737609,8.509021,31.114979,4.339755,0.714722,0.0
125352502,7960125,599,47,7.677305,0.485515,0.001323,4.584196,5.071034,8.448371,18.716755,3.66627,0.722656,0.0
125353513,7961136,699,46,7.540309,0.554871,0.000741,3.243148,3.798759,8.28414,12.101783,2.476828,0.728271,0.0
125354498,7962121,699,45,7.394357,0.483874,0.002415,3.011811,3.4981,8.11133,11.207626,2.310686,0.722534,0.0
125355500,7963123,699,46,7.294103,0.530355,0.001177,4.012981,4.544514,8.083641,16.193568,3.191903,0.727539,0.0
125356517,7964140,1960,54,7.465063,7.111115,0.001711,4.97293,12.085756,8.226287,28.79764,4.064893,0.713257,0.0
125357515,7965138,699,47,7.39234,0.594195,0.000898,4.873657,5.46875,8.125736,20.865184,3.98761,0.724976,0.0
125358504,7966127,698,46,7.283113,0.475683,0.000795,3.851386,4.327864,7.990369,15.708246,3.018712,0.729004,0.0
125359523,7967146,599,45,7.157856,0.498824,0.000432,3.241231,3.740486,7.921497,11.922842,2.453017,0.722168,0.0
125400514,7968137,699,43,7.056856,0.391188,0.000779,3.990633,4.3826,7.792833,16.329303,3.223232,0.728271,0.0
125401514,7969137,699,45,6.965248,0.735628,0.001665,3.728632,4.465924,7.675203,15.003647,2.961635,0.724731,0.0
125402521,7970144,599,41,6.87238,0.522427,0.001707,3.840795,4.364929,7.556861,15.062013,2.985702,0.729736,0.0
125403504,7971127,599,45,6.788378,0.485369,0.000182,4.051133,4.536684,7.458495,16.626368,3.266022,0.728516,0.0
125404521,7972144,599,43,6.677692,0.486358,0.001737,3.150668,3.638763,7.402298,11.579853,2.377391,0.733521,0.0
125405522,7973145,599,43,6.568127,0.494108,0.001737,3.162356,3.658201,7.346312,11.849831,2.425667,0.723633,0.0
125406520,7974143,699,43,6.507048,0.456331,0.000732,4.402557,4.859619,7.295336,18.568285,3.61461,0.728271,0.0
125407531,7975154,599,43,6.452996,0.413608,0.000673,4.576277,4.990558,7.222399,19.273655,3.751644,0.733887,0.0
125408512,7976135,699,43,6.349698,0.472645,0.00169,3.117795,3.59213,7.091321,11.685123,2.368116,0.72876,0.0
125409520,7977143,798,42,6.251893,0.528016,0.000872,3.026363,3.555251,7.080246,11.296414,2.314985,0.729126,0.0
125410532,7978155,799,42,6.151389,0.460758,0.001936,3.000204,3.462897,6.950021,10.764894,2.224937,0.727661,0.0
125411528,7979151,2495,42,6.063022,0.490995,0.002111,3.213332,3.706438,6.832789,12.002796,2.442372,0.732788,0.0
125412530,7980153,699,42,5.97452,0.502437,0.000674,3.071919,3.57503,6.832901,11.492755,2.342797,0.728394,0.0
125413537,7981160,737,41,5.883244,0.443221,0.000976,2.977129,3.421326,6.734819,10.861078,2.23341,0.73291,0.0
125414541,7982164,699,42,5.80248,0.507294,0.001938,3.130573,3.639805,6.623509,11.679777,2.363218,0.733521,0.0
125415517,7983140,699,42,5.723295,0.512476,0.000851,3.080816,3.594144,6.514777,11.499874,2.335005,0.734741,0.0
125416540,7984163,708,42,5.650451,0.432874,0.001313,3.199314,3.633501,6.414447,12.123506,2.45034,0.728882,0.0
125417535,7985158,699,42,5.576377,0.575602,0.000834,3.048539,3.624976,6.312432,11.235003,2.294635,0.729126,0.0
125418538,7986161,699,41,5.524549,0.847001,0.00086,3.268574,4.116434,6.354893,12.568416,2.49291,0.72876,0.0
125419527,7987150,599,40,5.461551,0.538059,0.00086,3.226987,3.765906,6.30872,12.389953,2.486602,0.726685,0.0
125420552,7988175,699,42,5.395333,0.46014,0.000741,3.125924,3.586804,6.212578,11.624087,2.389979,0.726562,0.0
125421521,7989144,599,41,5.327757,0.487746,0.001785,3.061644,3.551174,6.115152,11.409219,2.313012,0.728638,0.0
125422551,7990174,599,40,5.266318,0.498307,0.001513,3.050749,3.550569,6.093627,11.30977,2.302266,0.739746,0.0
125423536,7991159,699,40,5.204336,0.466534,0.001778,3.11307,3.581382,6.001302,11.721476,2.37723,0.728882,0.0
125424545,7992168,976,40,5.145914,0.471011,0.001362,3.072928,3.545301,5.914815,11.543877,2.360563,0.732666,0.0
125425542,7993165,699,41,5.082711,0.44376,0.002117,2.946141,3.392018,5.823904,10.557993,2.191338,0.734741,0.0
125426531,7994154,699,41,5.032942,0.477178,0.000859,3.204131,3.682168,5.91201,13.354178,2.5368,1.233765,0.0
125427560,7995183,1453,67,5.832228,22.126296,0.002228,5.602194,27.730719,6.680341,48.456104,4.543714,0.821655,0.0
125428545,7996168,1996,79,6.652811,22.382362,0.001955,5.755025,28.139342,7.468959,47.703546,4.697926,0.802124,0.0
125429532,7997155,699,61,7.110872,14.489548,0.002224,5.142521,19.634293,7.412106,34.41726,4.101748,0.717529,0.0
125430560,7998183,699,52,7.002516,0.871931,0.00068,3.161224,4.033835,7.310143,12.013166,2.389638,0.723511,0.0
125431533,7999156,699,47,6.884042,0.505321,0.00095,3.272446,3.778717,7.187293,12.314615,2.501788,0.724731,0.0
125432571,8000194,699,46,6.772138,0.630216,0.000125,3.033462,3.663803,7.064852,10.996427,2.27268,0.725464,0.0
125433545,8001168,699,46,6.651508,0.435545,0.001236,3.081363,3.518144,6.933497,11.36865,2.33286,0.728149,0.0
125434580,8002203,1866,54,6.754322,5.635663,0.00044,3.980171,9.616274,7.026532,22.790089,3.212953,1.010376,0.0
125435729,8003352,2486,76,7.47107,20.384503,0.001653,5.777208,26.163363,7.733911,47.117725,4.76428,0.902954,0.0
125436668,8004291,2708,86,8.393844,23.339812,0.002019,6.61633,29.95816,8.645105,51.926154,5.49953,0.948975,0.0
125437641,8005264,2596,85,9.043576,21.004859,0.002019,6.740678,27.747556,9.286402,48.547789,5.538715,0.903809,0.0
125438683,8006306,2425,87,9.659729,19.994502,0.002258,6.777851,26.774611,9.894117,47.75862,5.582948,0.853638,0.0
125439565,8007188,2396,88,10.248281,18.72935,0.000938,6.759834,25.490122,10.473954,46.024228,5.545189,0.82373,0.0
125440553,8008176,2278,86,10.71837,18.495452,0.001384,6.674907,25.171743,10.936935,44.943005,5.472242,0.840454,0.0
125441549,8009172,799,66,10.797246,7.012638,0.000246,5.934083,12.946967,10.787317,28.819158,4.79509,0.712646,0.0
125442538,8010161,599,57,10.625584,0.832475,0.002018,5.146584,5.981078,10.616181,22.130208,4.238818,0.719971,0.0
125443566,8011189,699,54,10.456062,0.885751,0.001421,4.934149,5.821321,10.446991,20.64346,4.06936,0.792358,0.0
125444537,8012160,799,52,10.25088,0.717876,0.000475,4.149084,4.867435,10.242142,16.454734,3.272565,0.727539,0.0
125445575,8013198,699,49,10.031616,0.676038,0.000817,3.251269,3.928125,10.113304,11.914226,2.455158,0.723755,0.0
125446547,8014170,699,49,9.810616,0.599767,0.000882,3.469519,4.070168,10.021222,13.466559,2.716327,0.797607,0.0
125447556,8015179,699,48,9.655044,0.44577,0.001193,4.882141,5.329105,9.849202,20.342662,3.981243,0.724976,0.0
125448541,8016164,699,48,9.502041,0.487253,0.000363,4.921564,5.40918,9.705425,20.424901,4.020525,0.727173,0.0
125449571,8017194,699,47,9.316401,0.582715,0.002107,3.640126,4.224948,9.503566,13.851879,2.785225,0.727173,0.0
125450550,8018173,785,46,9.108117,0.557138,0.002107,3.089565,3.64881,9.288404,11.192646,2.312862,0.723145,0.0
125451559,8019182,743,46,8.914194,0.424752,0.000187,3.142531,3.567471,9.232475,11.587019,2.375792,0.723755,0.0
125452571,8020194,699,45,8.716251,0.444486,0.002117,2.974635,3.421238,9.075731,10.725492,2.223908,0.731934,0.0
125453542,8021165,699,45,8.526354,0.449079,0.000663,3.012418,3.46216,8.873041,10.844154,2.272386,0.728149,0.0
125454578,8022201,669,45,8.367602,0.793834,0.00088,3.153839,3.948553,8.755711,12.253794,2.39502,0.723389,0.0
125455565,8023188,699,45,8.185962,0.481506,0.001769,2.970406,3.453681,8.559726,10.671403,2.210678,0.721558,0.0
125456574,8024197,699,44,8.021689,0.4257,0.001236,3.103518,3.530454,8.399832,11.325185,2.342658,0.723389,0.0
125457566,8025189,699,43,7.854689,0.391073,0.000786,2.995532,3.387391,8.284091,10.894267,2.257942,0.72937,0.0
125458561,8026184,599,45,7.694814,0.460281,0.00043,2.890445,3.351156,8.109148,10.713568,2.202616,0.734009,0.0
125459570,8027193,699,43,7.549985,0.52848,0.000738,3.081814,3.611032,7.949625,11.299626,2.308558,0.734619,0.0
125500564,8028187,699,43,7.405493,0.445272,0.000738,3.094271,3.540281,7.920461,11.424176,2.344363,0.729126,0.0
125501566,8029189,1508,51,7.468826,5.265837,0.000924,3.928154,9.194915,7.965568,22.04939,3.103216,1.1427,0.0
125502562,8030185,2196,58,7.819672,12.318797,0.002195,4.961723,17.282715,8.298656,34.219445,3.961024,0.975098,0.0
125503571,8031194,798,48,7.809527,3.170227,0.001282,4.364103,7.535612,8.271431,19.846692,3.505384,0.724731,0.0
125504583,8032206,798,46,7.689933,0.500694,0.002361,3.984421,4.487477,8.252694,16.557811,3.245137,0.722168,0.0
125505563,8033186,798,46,7.554411,0.432669,0.001206,3.506424,3.940299,8.210312,13.376932,2.731775,0.722534,0.0
125506585,8034208,699,45,7.433082,0.408749,0.001929,3.680733,4.091411,8.066004,14.708724,2.87445,0.726685,0.0
125507578,8035201,699,43,7.338558,0.404612,0.001135,4.435101,4.840847,7.948401,18.832903,3.647688,0.734985,0.0
125508582,8036205,1979,61,7.84189,15.883629,0.001295,5.674913,21.559837,8.429662,41.270807,4.611068,1.034058,0.0
125509576,8037199,798,49,7.791255,1.988158,6.1e-05,4.445747,6.433966,8.357888,18.783205,3.554994,0.723022,0.0
125510585,8038208,599,46,7.669494,0.456658,0.002518,3.902197,4.361373,8.314649,15.536708,3.073292,0.723389,0.0
125511566,8039189,499,46,7.563299,0.510157,0.001571,4.213748,4.725476,8.219479,16.995572,3.382194,0.72229,0.0
125512589,8040212,599,45,7.451694,0.524965,0.000623,3.848994,4.374581,8.382542,15.693073,3.120329,0.725952,0.0
125513570,8041193,799,45,7.326361,0.514294,0.00173,3.505249,4.021273,8.223356,13.570627,2.742465,0.96582,0.0
125514591,8042214,2042,78,7.827585,15.980539,0.002184,5.693619,21.676342,8.693249,41.889986,4.554539,1.009399,0.0
125515571,8043194,1750,76,8.194755,12.495768,0.001853,5.39925,17.896871,9.028853,35.178211,4.349413,1.0,0.0
125516581,8044204,2582,80,8.672898,15.960382,0.000685,5.894937,21.856004,9.477803,41.360809,4.77749,1.013672,0.0
125517592,8045215,2310,81,9.069165,13.205953,0.000604,6.45196,19.658517,9.845036,38.670721,5.180458,0.93042,0.0
125518582,8046205,761,63,9.277183,8.742474,0.001144,6.069627,14.813244,10.025134,31.820627,4.895249,0.711304,0.0
125519595,8047218,599,53,9.127665,0.537553,0.000801,4.514309,5.052663,9.951143,18.12855,3.637745,0.718872,0.0
125520592,8048215,599,51,8.94969,0.566083,0.001146,3.636228,4.203457,9.743405,13.767881,2.840839,0.718018,0.0
125521588,8049211,599,49,8.794667,0.601545,0.000856,3.997948,4.600349,9.648571,15.428456,3.123546,0.729004,0.0
125522598,8050221,625,48,8.650824,0.584465,0.000981,4.161357,4.746804,9.548522,16.854598,3.342825,0.723267,0.0
125523584,8051207,599,47,8.532694,0.482365,0.001449,4.895378,5.379191,9.437355,20.449132,4.03472,0.721558,0.0
125524613,8052236,699,48,8.388324,0.541943,0.000806,3.886022,4.42877,9.261161,15.128942,3.046962,0.728516,0.0
125525598,8053221,601,46,8.236231,0.460075,0.000806,3.788863,4.249743,9.076991,14.888033,2.97207,0.72876,0.0
125526591,8054214,499,46,8.110488,0.447509,0.000806,4.217127,4.665441,8.963685,17.239922,3.410843,0.72876,0.0
125527607,8055230,499,46,7.98294,0.58343,0.000492,3.930034,4.513956,8.806037,15.763543,3.142296,0.726562,0.0
125528610,8056233,1597,65,8.198324,8.686171,0.001146,5.254874,13.942191,8.991673,32.40312,4.354101,0.77002,0.0
125529591,8057214,499,49,8.250892,4.55711,0.000969,5.101901,9.65998,8.865726,24.150692,4.124833,0.728271,0.0
125530609,8058232,598,47,8.089302,0.521913,0.000498,3.116343,3.638754,8.743289,11.449251,2.358493,0.728027,0.0
125531592,8059215,600,46,7.924831,0.430484,0.000899,3.134162,3.565545,8.555226,11.615404,2.386733,0.727661,0.0
125532599,8060222,499,46,7.779315,0.49864,0.000621,3.280635,3.779895,8.494806,12.169567,2.516708,0.728638,0.0
125533616,8061239,499,45,7.634895,0.549013,0.000788,3.213872,3.763673,8.324823,11.903912,2.444854,0.723877,0.0
125534598,8062221,2011,74,8.203212,16.47184,0.005543,6.866184,23.343567,8.940638,44.767874,5.294965,0.853027,0.0
125535623,8063246,599,54,8.309203,6.528903,0.000744,4.686494,11.21614,8.881628,22.784798,3.540724,0.716064,0.0
125536611,8064234,499,48,8.139777,0.482511,0.001785,3.201216,3.685511,8.873763,11.276275,2.3677,0.723022,0.0
125537606,8065229,699,48,8.019647,0.417847,0.001855,4.312132,4.731834,8.821293,17.783161,3.535159,0.720703,0.0
125538603,8066226,698,46,7.919926,0.423075,0.000307,4.790028,5.213409,8.693084,20.216316,3.948962,0.723999,0.0
125539622,8067245,499,46,7.776507,0.49989,0.000307,3.395953,3.896149,8.522108,12.531398,2.567185,0.727417,0.0
125540600,8068223,698,46,7.624381,0.449812,0.00156,3.14094,3.592312,8.429827,12.095335,2.431937,1.028809,0.0
125541614,8069237,1896,75,8.062067,14.766564,0.000939,5.426298,20.193801,8.839466,40.366666,4.377039,1.043457,0.0
125542596,8070219,677,53,8.1716,6.358039,0.002161,4.717531,11.077731,8.920843,24.624583,3.768032,0.721313,0.0
125543628,8071251,668,48,8.034928,0.451548,0.000932,3.822158,4.274639,8.757894,14.85684,2.96154,0.729614,0.0
125544600,8072223,599,47,7.907777,0.474205,0.000932,4.109958,4.585096,8.604245,16.854448,3.308851,0.723755,0.0
125545626,8073249,606,46,7.78777,0.472206,0.000628,3.97796,4.450794,8.460061,16.298459,3.205099,0.723877,0.0
125546639,8074262,658,45,7.647482,0.455563,0.000595,3.503097,3.959254,8.355717,13.544813,2.732794,0.724976,0.0
125547600,8075223,1198,73,7.858137,8.288199,0.000968,5.204023,13.49319,8.540666,32.710213,4.280595,1.200073,0.0
125548620,8076243,2425,75,8.224892,12.845172,0.000968,5.686785,18.532925,8.883971,37.566784,4.585113,1.044678,0.0
125549621,8077244,2218,76,8.563627,11.898145,0.000838,5.624509,17.523493,9.198697,35.919639,4.542836,1.06665,0.0
125550616,8078239,2176,64,8.856655,11.601009,0.001159,5.15805,16.760217,9.469021,33.954674,4.152035,1.246582,0.0
125551618,8079241,2508,65,9.170053,12.200774,0.000797,5.474332,17.675904,9.760659,35.028838,4.361742,1.033203,0.0
125552618,8080241,2085,78,9.471469,12.038484,0.001157,5.553225,17.592866,10.04094,34.868174,4.502788,0.992554,0.0
125553633,8081256,2073,78,9.723844,11.146545,0.001038,5.390381,16.537964,10.272976,33.240462,4.342877,1.093384,0.0
125554619,8082242,1536,73,9.977983,11.450676,0.000301,5.2836,16.734577,10.507209,33.532715,4.213962,1.115234,0.0
125555610,8083233,599,56,9.842254,1.76607,0.000617,4.368611,6.135298,10.352787,17.775192,3.451973,0.719727,0.0
125556635,8084258,698,52,9.658453,0.450281,0.001909,4.196891,4.64908,10.150713,16.994145,3.399746,0.723389,0.0
125557620,8085243,699,49,9.454724,0.43028,0.00119,3.667115,4.098585,9.962155,13.976514,2.85393,0.718872,0.0
125558626,8086249,699,49,9.266317,0.441885,0.002171,3.644057,4.088112,9.755934,13.887231,2.78917,0.723877,0.0
125559621,8087244,699,47,9.065466,0.520469,0.001032,3.154516,3.676017,9.537492,11.54972,2.367326,0.724731,0.0
125600626,8088249,699,47,8.900105,0.443102,0.00049,3.977842,4.421433,9.355506,16.281766,3.227397,0.718872,0.0
125601628,8089251,699,48,8.733604,0.618802,0.004377,3.633476,4.256655,9.172676,14.000104,2.823448,0.723999,0.0
125602626,8090249,634,46,8.601041,0.495652,0.002802,4.530794,5.029248,9.075852,18.863118,3.681778,0.722046,0.0
125603630,8091253,699,46,8.48303,0.44755,0.001162,4.841389,5.290101,9.028647,20.281487,3.957429,0.728149,0.0
125604636,8092259,699,46,8.360122,0.445605,0.002067,4.607657,5.05533,8.886317,19.385896,3.792691,0.729492,0.0
125605645,8093268,799,56,8.645568,10.973587,0.000425,5.330929,16.304941,9.152858,34.204952,4.309082,0.713989,0.0
125606626,8094249,799,47,8.492612,0.453231,0.001452,3.946321,4.401004,9.007638,15.59729,3.094259,0.729736,0.0
125607645,8095268,699,47,8.363875,0.478877,0.000995,4.338293,4.818165,8.903751,17.885356,3.543215,0.720581,0.0
125608613,8096236,799,46,8.203984,0.38424,0.00018,3.585983,3.970403,8.801843,13.756713,2.759101,0.72876,0.0
125609690,8097313,699,46,8.039317,0.426426,0.001387,3.013067,3.440881,8.616698,10.893325,2.258869,0.73877,0.0
125610637,8098260,1238,49,7.980398,1.86663,0.005456,4.63117,6.503256,8.535633,21.953872,3.812556,1.006958,0.0
125611638,8099261,2349,63,8.418351,14.686786,0.002449,6.240152,20.929387,8.954807,42.539973,5.057691,1.018311,0.0
125612654,8100277,699,51,8.403928,2.929201,0.001277,5.085615,8.016092,8.845894,23.511088,4.163933,0.717041,0.0
125613623,8101246,798,47,8.288926,0.443766,0.001201,4.789624,5.234591,8.770746,22.022125,3.978733,0.724976,0.0
125614641,8102264,699,46,8.184869,0.496848,0.000441,4.784838,5.282126,8.650015,20.452509,3.968608,0.728394,0.0
125615645,8103268,699,46,8.068503,0.398619,0.00084,4.581634,4.981094,8.516755,19.020883,3.720864,0.729004,0.0
125616649,8104272,699,46,7.923869,0.55539,0.000121,3.483387,4.038898,8.458616,13.462837,2.722532,0.729004,0.0
125617635,8105258,699,46,7.792334,0.559833,0.002067,3.693644,4.255544,8.308056,14.699644,2.938597,0.724976,0.0
125618643,8106266,762,45,7.700344,0.438833,0.002067,4.736492,5.177392,8.197812,20.279427,3.920407,0.724487,0.0
125619654,8107277,699,44,7.60727,0.400449,0.000665,4.713838,5.114952,8.086829,20.206338,3.917717,0.724976,0.0
125620636,8108259,699,43,7.469225,0.496975,0.001932,3.288956,3.787862,7.937937,12.396704,2.505514,0.733521,0.0
125621662,8109285,699,43,7.329253,0.540544,0.000311,2.933229,3.474084,7.884359,10.625219,2.191231,0.728027,0.0
125622645,8110268,1673,60,7.750507,13.358184,0.000834,5.477659,18.836677,8.284901,39.071033,4.478321,1.040771,0.0
125623644,8111267,2133,61,8.096235,11.870841,0.000834,5.736657,17.608332,8.611887,36.680014,4.644334,1.113281,0.0
125624645,8112268,1422,61,8.411747,11.168762,0.000916,5.769747,16.939425,8.909001,34.906916,4.676674,0.978271,0.0
125625640,8113263,3497,69,8.726361,11.3927,0.00177,5.826477,17.220947,9.205857,35.821911,4.715179,1.103271,0.0
125626654,8114277,2010,64,8.9967,10.467652,0.001287,5.857291,16.32623,9.459139,34.151376,4.73672,1.028198,0.0
125627640,8115263,1685,80,9.298147,11.433859,0.000421,5.886401,17.320682,10.339771,36.423765,4.757741,1.120972,0.0
125628646,8116269,2418,80,9.580625,11.428554,0.002414,5.888888,17.319856,10.58532,35.641763,4.776801,1.122192,0.0
125629649,8117272,2415,80,9.851727,11.249155,0.002063,5.874967,17.126186,10.820324,35.200928,4.740967,1.021729,0.0
125630641,8118264,2488,80,10.126193,11.595828,0.001521,5.916455,17.513804,11.060094,36.80197,4.773696,1.113159,0.0
125631658,8119281,2094,72,10.33599,10.159708,0.001907,5.886262,16.047878,11.236982,33.280626,4.745143,0.90625,0.0
125632649,8120272,1509,61,10.313393,3.937008,0.001907,5.774334,9.713249,11.181747,26.433804,4.645831,1.100098,0.0
125633645,8121268,799,55,10.237503,2.84798,0.001043,5.328768,8.177791,11.074999,23.416368,4.322536,0.748413,0.0
125634650,8122273,699,51,10.060653,0.459418,0.000797,4.805599,5.265814,10.847993,20.783405,3.987651,0.725708,0.0
125635656,8123279,798,50,9.890675,0.517068,0.00079,4.807095,5.324953,10.649756,20.93251,3.977053,0.717773,0.0
125636642,8124265,699,49,9.721025,0.502236,0.002063,4.664499,5.168797,10.453028,19.376478,3.789215,0.72229,0.0
125637650,8125273,699,48,9.507835,0.470392,0.001548,3.195003,3.666943,10.213819,11.625267,2.413691,0.723511,0.0
125638657,8126280,699,47,9.306647,0.48489,0.000363,3.434028,3.919281,9.98744,13.193199,2.684592,0.723267,0.0
125639690,8127313,699,47,9.133714,0.487796,0.000364,4.010016,4.498176,9.789827,16.06351,3.168441,0.727783,0.0
125640647,8128270,798,47,9.027024,1.996713,0.017624,4.224687,6.239024,9.588722,17.826874,3.316637,0.733765,0.0
125641685,8129308,699,47,8.846583,0.576266,0.00051,3.176408,3.753184,9.389272,11.931354,2.422102,0.729736,0.0
125642644,8130267,799,47,8.697777,1.378701,0.001764,3.452073,4.832538,9.326293,13.872755,2.62822,0.720459,0.0
125643662,8131285,1139,54,8.770055,6.824382,0.002554,3.987791,10.814727,9.377113,24.214063,3.168303,1.119629,0.0
125644665,8132288,1792,60,9.052674,11.599498,0.001199,4.942768,16.543465,9.637661,32.283392,3.997562,0.982056,0.0
125645640,8133263,2683,78,9.35453,12.438819,0.001947,5.038595,17.479361,9.918562,33.779635,4.023049,1.114624,0.0
125646685,8134308,2465,79,9.611486,11.663662,0.002066,5.068046,16.733774,10.155877,32.52692,4.041748,1.096558,0.0
125647641,8135264,2784,63,9.855662,11.114064,0.000759,5.039168,16.153991,10.379735,31.552283,4.010849,1.043457,0.0
125648675,8136298,799,54,9.731824,2.411557,0.003628,3.824785,6.23997,10.2378,16.274465,2.987208,0.717773,0.0
125649654,8137277,699,51,9.568932,0.464257,0.000472,4.856083,5.320812,10.136968,20.221213,3.985448,0.723389,0.0
125650681,8138304,699,49,9.38283,0.657546,0.000623,3.588142,4.246312,10.064231,13.571914,2.756173,0.719482,0.0
125651660,8139283,655,48,9.197715,0.993976,0.001902,3.339998,4.335876,9.963731,12.960949,2.527987,0.754028,0.0
125652650,8140273,699,48,9.020521,0.835352,0.000623,3.293882,4.129858,9.759754,12.336716,2.512082,0.721436,0.0
125653660,8141283,1337,55,9.188774,8.994183,0.000928,4.798526,13.793636,9.901804,29.618269,3.831101,1.065796,0.0
125654662,8142285,699,58,9.455897,12.086107,0.000543,4.492899,16.579549,10.143395,29.982511,3.5401,0.712036,0.0
125655675,8143298,699,51,9.26202,0.862699,0.000426,3.185825,4.048949,9.925083,11.871095,2.371739,0.723511,0.0
125656680,8144303,599,49,9.063291,0.552091,0.000426,3.211097,3.763613,9.729412,11.63745,2.40347,0.723755,0.0
125657652,8145275,599,47,8.869126,0.491014,0.001518,3.161188,3.65372,9.60365,11.716561,2.397194,0.723267,0.0
125658679,8146302,798,46,8.690424,0.526585,0.000502,3.194234,3.721322,9.399659,12.11975,2.482323,0.723633,0.0
125659667,8147290,1781,73,8.770493,6.546915,6e-05,4.33284,10.879815,9.453791,25.294349,3.422151,1.091675,0.0
125700666,8148289,2060,78,9.166698,14.227307,0.002224,5.769428,19.99896,9.825884,39.908597,4.664103,1.139648,0.0
125701668,8149291,2192,79,9.512706,12.968596,0.00281,5.893222,18.864629,10.148374,38.594666,4.764376,1.107422,0.0
125702670,8150293,3803,80,9.798009,11.568903,0.000792,5.915537,17.485232,10.411191,35.904323,4.778992,1.125732,0.0
125703669,8151292,2016,79,10.07787,11.689329,0.001218,5.927943,17.61849,10.668852,36.431342,4.785376,1.093262,0.0
125704673,8152296,1810,80,10.338781,11.443634,0.002627,5.944421,17.390682,10.908917,36.101562,4.812744,1.05188,0.0
125705681,8153304,2018,79,10.604408,11.782943,0.002429,5.953973,17.739345,11.153837,36.462999,4.812649,1.02002,0.0
125706665,8154288,3372,70,10.827335,10.938021,0.002364,5.862587,16.802972,11.357004,35.49982,4.778592,1.049561,0.0
125707664,8155287,1856,70,11.0009,9.890983,0.001054,5.874138,15.766175,11.511955,34.331554,4.760679,1.095947,0.0
125708678,8156301,2396,70,11.186498,10.292275,0.0011,5.909474,16.202848,11.679319,35.100286,4.77174,0.994873,0.0
125709676,8157299,1934,70,11.348842,9.771584,0.001565,5.896213,15.669362,11.823816,33.255279,4.754841,0.708496,0.0
125710667,8158290,674,57,11.145821,0.626449,0.001098,5.042382,5.669928,11.621295,21.187831,4.123026,0.713501,0.0
125711689,8159312,599,54,10.943409,0.562373,0.000924,4.86353,5.426827,11.48001,21.628408,4.037528,0.71814,0.0
125712673,8160296,986,54,10.794296,1.627405,0.001792,5.228919,6.858116,11.311311,23.565787,4.26201,0.722412,0.0
125713694,8161317,1730,53,10.635041,1.072058,0.028003,5.157969,6.25803,11.134085,21.60781,4.129777,0.729492,0.0
125714680,8162303,1259,51,10.452999,0.893012,0.009555,4.745035,5.647603,10.933633,19.704213,3.854522,1.006226,0.0
125715691,8163314,1080,68,10.699515,10.947646,0.366646,6.160534,17.474825,11.163042,37.266935,4.977597,0.947266,0.0
125716690,8164313,599,53,10.569878,1.927869,0.001804,5.193641,7.123314,11.016457,21.760484,4.199883,0.717773,0.0
125717666,8165289,599,50,10.329223,0.550661,0.001955,3.272173,3.824788,10.760126,11.813254,2.450403,0.729126,0.0
125718693,8166316,599,48,10.097129,0.492659,0.001188,3.176955,3.670802,10.580789,11.709567,2.414328,0.717407,0.0
125719678,8167301,599,48,9.892348,0.485013,0.001189,4.027783,4.513984,10.358051,15.99359,3.219411,0.724976,0.0
125720685,8168308,599,48,9.737604,0.531639,0.001179,4.956249,5.489066,10.217114,20.459431,4.037004,0.72168,0.0
125721678,8169301,699,47,9.579889,0.495245,0.001758,4.855283,5.352286,10.139414,20.417834,4.001227,0.724243,0.0
125722688,8170311,599,48,9.38094,0.533704,0.000614,3.441388,3.975706,9.920823,12.978176,2.619963,0.723877,0.0
125723687,8171310,650,46,9.176382,0.531532,0.000423,3.172437,3.704392,9.696809,11.495377,2.376205,0.729736,0.0
125724680,8172303,599,47,9.002688,0.48987,0.000423,3.817787,4.30808,9.605534,15.524479,3.083898,0.723389,0.0
125725688,8173311,499,47,8.873,0.503018,0.001965,4.844536,5.349519,9.454598,20.461438,3.999674,0.72876,0.0
125726701,8174324,974,46,8.742139,0.429852,0.001273,4.80323,5.234356,9.30282,20.310995,3.955394,0.721802,0.0
125727681,8175304,499,46,8.568735,0.56924,0.002047,3.382576,3.953862,9.160295,12.624827,2.561611,0.728882,0.0
125728708,8176331,644,45,8.392011,0.508211,0.000934,3.01032,3.519465,8.963067,10.866356,2.245835,0.729248,0.0
125729687,8177310,499,46,8.227335,0.534518,0.001605,3.366205,3.902328,8.952197,12.767979,2.604906,0.733032,0.0
125730699,8178322,746,45,8.072354,0.552125,0.000312,3.237803,3.790239,8.772082,12.041569,2.470334,0.734009,0.0
125731695,8179318,499,45,7.914561,0.534494,0.000312,3.176047,3.710853,8.706386,11.880023,2.425967,0.729248,0.0
125732708,8180331,499,44,7.764727,0.58443,0.000858,3.117062,3.70235,8.698472,11.469896,2.364515,0.728882,0.0
125733686,8181309,499,45,7.619339,0.529494,0.000783,3.215846,3.746123,8.675251,11.98233,2.444364,0.737061,0.0
125734692,8182315,3880,45,7.488797,0.506504,0.001437,3.370168,3.878109,8.507865,12.734754,2.599923,0.73877,0.0
125735699,8183322,599,44,7.359305,0.616601,0.001333,3.266695,3.88463,8.436831,12.149992,2.479795,0.72876,0.0
125736696,8184319,599,43,7.218751,0.512671,0.000364,2.938121,3.451156,8.257702,10.786218,2.198722,0.729004,0.0
125737700,8185323,599,42,7.090441,0.500035,0.000306,3.114936,3.615277,8.092233,11.591176,2.37327,0.734375,0.0
125738730,8186353,699,43,6.966584,0.479831,0.002006,3.15441,3.636247,7.932613,11.780028,2.406945,0.729248,0.0
125739696,8187319,599,43,6.847908,0.52907,0.002006,3.212492,3.743569,7.844952,11.901381,2.455345,0.733276,0.0
125740702,8188325,599,42,6.728333,0.426172,0.001453,2.954355,3.38198,7.691139,10.731056,2.209599,0.734253,0.0
125741720,8189343,599,43,6.618226,0.520255,0.000849,3.139549,3.660653,7.546329,11.742533,2.389463,0.722534,0.0
125742708,8190331,1025,45,6.53084,0.63348,0.000661,3.578186,4.212327,7.425352,13.575071,2.784008,0.751099,0.0
125743727,8191350,867,43,6.470798,0.941756,0.033572,3.855645,4.830973,7.333715,14.859746,2.970912,0.756592,0.0
125744737,8192360,1198,45,6.424427,1.01855,0.002995,4.175077,5.196622,7.25594,16.433867,3.27794,0.745728,0.0
125745702,8193325,599,43,6.341802,0.708914,0.00139,3.423528,4.133833,7.190088,13.06916,2.64259,0.739258,0.0
125746716,8194339,672,0,6.245323,0.475013,0.001516,3.06876,3.545289,7.266309,11.63876,2.349095,0.733398,0.0
125747726,8195349,699,42,6.146676,0.476122,0.000662,3.044576,3.521361,7.130823,11.100851,2.298535,0.72937,0.0
125748704,8196327,689,42,6.055765,0.543207,0.000662,3.08001,3.623879,7.073951,11.456225,2.31713,0.728027,0.0
125749714,8197337,599,41,5.972012,0.48204,0.001935,3.173949,3.657924,7.020869,11.98713,2.42699,0.738159,0.0
125750712,8198335,599,42,5.887168,0.511705,0.001268,3.106914,3.619887,7.014198,11.646256,2.365942,0.726318,0.0
125751724,8199347,699,41,5.801903,0.524094,0.000306,2.970582,3.494982,6.888889,10.894531,2.233471,0.739258,0.0
125752714,8200337,599,42,5.720726,0.488643,0.001024,3.068448,3.558115,6.768386,11.556934,2.346114,0.734741,0.0
125753704,8201327,599,41,5.645553,0.505729,0.000247,3.088626,3.594601,6.65617,11.558864,2.350439,0.739258,0.0
125754725,8202348,599,42,5.58826,0.803146,0.000987,3.219373,4.023507,6.563087,13.058558,2.507631,0.734131,0.0
125755707,8203330,599,42,5.522267,0.721493,0.000987,3.057754,3.780234,6.461513,11.077492,2.277729,0.738281,0.0
125756739,8204362,1108,41,5.457889,0.495312,0.001929,3.187539,3.68478,6.364327,11.551244,2.394423,0.7323,0.0
125757704,8205327,599,42,5.385328,0.456403,0.000651,3.032122,3.489176,6.561867,11.346684,2.315433,0.729126,0.0
125758728,8206351,499,41,5.323549,0.580403,0.001959,3.012262,3.594623,6.459603,11.001635,2.268516,0.739258,0.0
125759730,8207353,599,41,5.261151,0.438821,0.001253,3.175618,3.615692,6.518009,11.879444,2.418675,0.728882,0.0
125800728,8208351,599,42,5.198315,0.461445,0.002191,3.043388,3.507024,6.410259,11.333839,2.319031,0.733765,0.0
125801718,8209341,599,42,5.160304,0.749502,0.001714,3.379585,4.130801,6.425431,13.212093,2.618824,0.727661,0.0
125802735,8210358,499,41,5.107102,0.531517,0.000924,3.124675,3.657116,6.446441,11.434597,2.351116,0.743408,0.0
125803734,8211357,607,40,5.050799,0.489001,0.00066,3.067318,3.55698,6.341594,11.476348,2.330619,0.734619,0.0
125804715,8212338,599,40,4.999232,0.479422,0.00066,3.125391,3.605473,6.243974,11.812688,2.399636,0.733887,0.0
125805756,8213379,599,41,4.950118,0.478762,0.000684,3.117957,3.597403,6.151249,11.469445,2.356604,0.743042,0.0
125806722,8214345,599,41,4.890705,0.42707,0.000684,2.924313,3.352067,6.04718,10.804336,2.225089,0.733765,0.0
125807746,8215369,699,40,4.844288,0.474556,0.000506,3.068835,3.543897,6.042806,11.460189,2.339133,0.734375,0.0
125808725,8216348,799,40,4.795711,0.444131,0.001432,3.069155,3.514717,6.018265,11.42855,2.320828,0.728516,0.0
125809735,8217358,699,40,4.758495,0.498672,0.00056,3.234252,3.733483,5.938297,12.272235,2.493544,0.745972,0.0
125810730,8218353,699,40,4.710263,0.465779,0.001815,2.952432,3.420025,5.847549,10.584211,2.183097,0.744629,0.0
125811744,8219367,699,40,4.667861,0.450372,0.000675,3.065989,3.517036,5.764733,11.297638,2.3232,0.727539,0.0
125812723,8220346,699,40,4.624377,0.471444,0.000675,2.996181,3.4683,5.681487,11.232213,2.275078,0.733887,0.0
125813752,8221375,699,40,4.580691,0.449027,0.002059,2.922573,3.373659,5.600796,10.460946,2.180038,0.735474,0.0
125814723,8222346,698,40,4.546752,0.413248,0.001186,3.242747,3.657181,5.529368,12.233438,2.485997,0.729248,0.0
125815768,8223391,599,41,4.517476,0.537072,0.002261,3.164075,3.703407,5.466046,11.760574,2.411991,0.733521,0.0
125816722,8224345,803,40,4.48809,0.511981,0.000761,3.215845,3.728587,5.401326,12.011614,2.46924,0.733398,0.0
125817746,8225369,798,42,4.476253,0.477097,0.000761,3.663202,4.14106,5.362783,13.753553,2.854208,0.733887,0.0
125818753,8226376,1414,41,4.468961,0.527165,0.000417,3.749469,4.27705,5.323076,14.127314,2.932191,0.729492,0.0
125819739,8227362,699,40,4.438887,0.424091,0.000417,3.207387,3.631895,5.35773,11.963133,2.436557,0.734741,0.0
125820752,8228375,699,40,4.40598,0.433127,0.001795,3.069487,3.504409,5.292532,11.436695,2.3343,0.744019,0.0
125821735,8229358,599,40,4.366213,0.387399,0.000722,2.919756,3.307877,5.22066,10.514808,2.188005,0.733521,0.0
125822769,8230392,799,40,4.335561,0.468454,0.000622,3.023167,3.492243,5.160041,11.089418,2.271389,0.734497,0.0
125823729,8231352,1125,40,4.306803,0.455312,0.000473,3.100267,3.556051,5.100808,11.482704,2.350947,0.732666,0.0
125824756,8232379,627,40,4.283079,0.419434,0.001651,3.194485,3.61557,5.049833,11.972809,2.438294,0.759644,0.0
125825740,8233363,499,40,4.251004,0.437389,0.001839,2.971082,3.41031,5.052667,10.893799,2.248888,0.734375,0.0
125826746,8234369,699,39,4.223163,0.423952,0.001616,3.031598,3.457166,4.996768,11.239313,2.296019,0.734741,0.0
125827761,8235384,699,40,4.196517,0.467025,0.0017,3.012039,3.480765,5.010217,11.133466,2.281189,0.758545,0.0
125828755,8236378,1022,40,4.166061,0.434427,0.0017,2.92434,3.360468,4.950119,10.707327,2.215057,0.728027,0.0
125829763,8237386,599,40,4.144256,0.420348,0.002648,3.126361,3.549358,4.89163,11.559502,2.353668,0.733521,0.0
125830764,8238387,621,40,4.117791,0.400422,0.001998,3.006708,3.409128,4.83826,11.175997,2.284896,0.732544,0.0
125831767,8239390,756,40,4.095528,0.496826,0.000549,2.997681,3.495056,4.896527,10.98834,2.250366,0.733398,0.0
125832776,8240399,1963,40,4.073773,0.51639,0.001524,2.969085,3.487,4.846136,10.873517,2.231221,0.729004,0.0
125833755,8241378,894,40,4.082561,0.498949,0.00103,3.818122,4.318101,4.827127,15.170872,3.000985,0.732422,0.0
125834772,8242395,698,40,4.065626,0.421714,0.0023,3.175691,3.599705,4.86761,12.034767,2.439589,0.729126,0.0
125835779,8243402,1078,40,4.045121,0.457464,0.000719,3.043446,3.50163,4.817996,11.326589,2.310565,0.727539,0.0
125836762,8244385,1192,40,4.068744,0.608107,0.000667,4.093845,4.702619,4.813851,16.826167,3.294806,0.729004,0.0
125837766,8245389,699,39,4.04723,0.431336,0.001487,3.024369,3.457192,4.766125,11.084518,2.289439,0.752808,0.0
125838770,8246393,699,40,4.024085,0.361955,0.000304,3.039478,3.401737,4.717202,11.319529,2.30584,0.73938,0.0
125839766,8247389,1098,39,4.018852,0.6176,0.002193,3.258071,3.877864,4.687166,12.346079,2.493192,0.733521,0.0
125840775,8248398,699,40,3.993546,0.393392,0.000673,2.914077,3.308142,4.665858,10.545808,2.183265,0.739746,0.0
125841773,8249396,799,39,3.976867,0.475639,0.001331,3.053745,3.530714,4.624993,11.39272,2.306737,0.757202,0.0
125842767,8250390,1359,40,3.960347,0.454856,0.000796,3.057268,3.512919,4.585356,11.344518,2.311918,0.739258,0.0
125843782,8251405,715,40,3.938052,0.420069,0.001288,2.911568,3.332925,4.540894,10.837788,2.213396,0.7323,0.0
125844787,8252410,898,40,3.927904,0.521748,0.000903,3.135185,3.657836,4.601964,11.482707,2.330032,0.737671,0.0
125845767,8253390,799,39,3.912557,0.445708,0.0017,3.052933,3.500342,4.675576,11.47751,2.341009,0.733032,0.0
125846791,8254414,699,40,3.896776,0.425131,0.00224,3.034755,3.462126,4.740574,11.299551,2.306881,0.733032,0.0
125847770,8255393,799,39,3.880162,0.485122,6e-05,2.957308,3.44249,4.693101,10.763271,2.20625,0.739014,0.0
125848779,8256402,998,40,3.868762,0.474115,0.002247,3.077422,3.553783,4.653347,11.467744,2.327199,0.732666,0.0
125849792,8257415,1298,39,3.860496,0.455253,0.001936,3.182176,3.639365,4.616807,12.108515,2.44516,0.72876,0.0
125850790,8258413,799,38,3.849438,0.500452,0.001205,3.053204,3.554861,4.648544,11.292828,2.294175,0.734253,0.0
125851769,8259392,799,39,3.832122,0.464308,0.000612,2.898687,3.363606,4.602745,10.532819,2.177125,0.734009,0.0
125852792,8260415,1794,39,3.822675,0.470762,0.000686,3.090206,3.561654,4.566381,11.46178,2.342878,0.72876,0.0
125853793,8261416,698,39,3.812368,0.437498,0.000715,3.102899,3.541112,4.528849,11.402716,2.337175,0.734253,0.0
125854790,8262413,799,39,3.806808,0.431148,0.002134,3.223578,3.65686,4.567687,12.186443,2.482462,0.733643,0.0
125855772,8263395,799,39,3.794617,0.509585,0.000857,2.953977,3.464419,4.528443,10.824303,2.209828,0.738159,0.0
125856808,8264431,799,38,3.786531,0.468641,0.000435,3.094768,3.563844,4.494613,11.55061,2.354584,0.739624,0.0
125857777,8265400,699,40,3.775812,0.444213,0.000435,3.052442,3.497091,4.540637,11.26072,2.301297,0.734741,0.0
125858800,8266423,1634,39,3.764979,0.496226,0.001198,2.964727,3.462151,4.50339,11.06064,2.258993,0.733032,0.0
125859786,8267409,699,40,3.766511,0.511408,0.000298,3.295124,3.806829,4.477891,12.145053,2.483807,0.733521,0.0
125900799,8268422,836,39,3.757838,0.423656,0.001671,3.094883,3.52021,4.444201,11.915544,2.369508,0.742432,0.0
125901783,8269406,799,39,3.778115,0.867145,0.004097,3.44707,4.318313,4.55513,13.175408,2.647927,0.739258,0.0
125902813,8270436,989,38,3.767191,0.521189,0.004097,2.94166,3.466946,4.618061,10.577896,2.198694,0.73938,0.0
125903798,8271421,799,39,3.758353,0.440566,0.004097,3.082517,3.52718,4.577932,11.486568,2.345206,0.765381,0.0
125904785,8272408,799,39,3.767066,0.51505,0.004097,3.486866,4.006013,4.584369,13.589648,2.706615,0.731201,0.0
125905803,8273426,998,39,3.762425,0.442164,0.000619,3.192495,3.635279,4.550948,11.992883,2.456433,0.739258,0.0
125906797,8274420,799,39,3.753785,0.386956,0.002218,3.135621,3.524795,4.587423,11.613904,2.37725,0.738647,0.0
125907804,8275427,818,39,3.748039,0.486316,0.000614,3.104986,3.591916,4.61741,11.479455,2.354239,0.734009,0.0
125908802,8276425,799,39,3.741598,0.426519,0.002059,3.140554,3.569132,4.579672,11.65197,2.386235,0.733765,0.0
125909794,8277417,599,39,3.745841,0.528034,0.001896,3.330712,3.860642,4.692724,12.538478,2.563232,0.738159,0.0
125910813,8278436,799,39,3.738952,0.533734,0.000985,3.016478,3.551198,4.703772,11.127491,2.277332,0.733887,0.0
125911815,8279438,699,39,3.736703,0.531963,0.001735,3.143505,3.677203,4.666412,11.719117,2.380005,0.7323,0.0
125912793,8280416,699,39,3.730925,0.479875,0.00201,3.093362,3.575247,4.627364,11.567886,2.351759,0.743042,0.0
125913817,8281440,798,38,3.725897,0.53696,0.00025,3.049761,3.58697,4.691781,11.3283,2.318024,0.73938,0.0
125914799,8282422,699,39,3.725665,0.478745,0.00025,3.240571,3.719565,4.781357,12.171244,2.481302,0.739624,0.0
125915808,8283431,699,39,3.728191,0.554972,0.001927,3.240782,3.797681,4.720697,12.201686,2.486174,0.728394,0.0
125916824,8284447,798,39,3.723017,0.492032,0.000968,3.091605,3.584604,4.679798,11.395246,2.335624,0.735107,0.0
125917785,8285408,700,40,3.722252,0.550097,0.000601,3.15124,3.701938,4.644281,12.060014,2.454384,0.7323,0.0
125918814,8286437,799,40,3.724764,0.576944,0.000601,3.217888,3.795433,4.615147,11.652533,2.386251,0.739746,0.0
125919807,8287430,799,39,3.726498,0.531818,0.000475,3.239656,3.771949,4.58419,12.173289,2.477155,0.734009,0.0
125920809,8288432,698,39,3.720768,0.447141,0.001904,3.116047,3.565092,4.548012,11.505526,2.372196,0.73291,0.0
125921824,8289447,699,39,3.711131,0.511086,0.001159,2.938956,3.4512,4.508801,10.842124,2.212143,0.732788,0.0
125922813,8290436,699,39,3.706019,0.495497,0.001263,3.073346,3.570106,4.474773,11.332815,2.316991,0.732666,0.0
125923805,8291428,790,39,3.700217,0.451993,0.000123,3.08965,3.541767,4.441818,11.582239,2.356426,0.744385,0.0
125924809,8292432,699,39,3.701866,0.537319,0.000308,3.209145,3.746771,4.417168,12.113051,2.455175,0.734131,0.0
125925822,8293445,799,38,3.691674,0.425544,0.002249,2.98981,3.417604,4.381363,10.981703,2.261709,0.733521,0.0
125926821,8294444,599,39,3.689019,0.501597,0.000542,3.116167,3.618306,4.529933,11.679165,2.375556,0.732788,0.0
125927813,8295436,692,39,3.68438,0.461521,0.000916,3.09656,3.558998,4.495291,11.461853,2.355566,0.73938,0.0
125928821,8296444,798,39,3.680157,0.483298,0.000916,3.080954,3.565168,4.545781,11.442308,2.320382,0.739014,0.0
125929816,8297439,699,39,3.676814,0.477756,0.000484,3.109076,3.587316,4.678764,11.609287,2.366309,0.731323,0.0
125930813,8298436,682,38,3.679275,0.497922,0.001904,3.246223,3.746048,4.811813,12.112687,2.489621,0.733032,0.0
125931835,8299458,799,39,3.675367,0.477802,0.000858,3.090762,3.569422,4.820851,11.568675,2.351231,0.72998,0.0
125932823,8300446,699,39,3.677769,0.520261,0.000537,3.220323,3.741121,4.823115,12.227496,2.492587,0.73291,0.0
125933817,8301440,699,39,3.673697,0.482907,0.000556,3.0789,3.562363,4.838144,11.15263,2.293354,0.736206,0.0
125934827,8302450,699,39,3.677072,0.538816,0.000368,3.229567,3.768752,4.926311,12.289764,2.473307,0.732178,0.0
125935824,8303447,499,38,3.681079,0.568213,0.000785,3.21905,3.788047,4.88517,11.940575,2.453589,0.737915,0.0
125936836,8304459,699,39,3.671438,0.464957,0.000785,2.944314,3.410056,4.913311,10.672153,2.206825,0.732422,0.0
125937819,8305442,699,39,3.666255,0.451515,0.00163,3.07488,3.528025,4.987212,11.498939,2.338051,0.738525,0.0
125938829,8306452,599,38,3.669334,0.506145,0.002047,3.245687,3.753879,4.949224,12.042367,2.495674,0.739136,0.0
125939827,8307450,799,39,3.67006,0.394097,0.001573,3.293808,3.689478,4.903873,12.510392,2.530086,0.734131,0.0
125940819,8308442,599,38,3.667132,0.542589,0.001573,3.043764,3.587925,4.920543,11.195033,2.302168,0.749634,0.0
125941825,8309448,699,38,3.665859,0.506186,0.000554,3.124452,3.631191,4.874909,11.663191,2.359575,0.739746,0.0
125942839,8310462,699,38,3.662623,0.478929,0.000607,3.096153,3.575688,4.908087,11.648441,2.366612,0.73877,0.0
125943826,8311449,698,39,3.658452,0.458395,0.001143,3.088026,3.547563,4.920446,11.447617,2.328012,0.737427,0.0
125944835,8312458,799,37,3.661182,0.588213,0.002041,3.145642,3.735896,4.878733,11.81221,2.398952,0.74353,0.0
125945824,8313447,599,38,3.664099,0.53861,0.002041,3.201488,3.742139,4.837775,12.002041,2.452106,0.744507,0.0
125946835,8314458,799,39,3.662915,0.517781,0.001111,3.111682,3.630574,4.795135,11.533055,2.362061,0.73291,0.0
125947839,8315462,699,37,3.657098,0.442399,0.001811,3.057614,3.501824,4.893161,11.463671,2.348041,0.734009,0.0
125948837,8316460,699,39,3.653226,0.511139,0.00079,3.037177,3.549106,4.845015,11.022281,2.256297,0.738403,0.0
125949828,8317451,699,39,3.660095,0.493296,0.000917,3.351735,3.845949,4.809405,13.116498,2.611595,0.734619,0.0
125950839,8318462,599,38,3.660053,0.520985,0.000924,3.136998,3.658907,4.820656,11.544205,2.371142,0.732056,0.0
125951857,8319480,699,37,3.650701,0.48164,0.00163,2.917778,3.401048,4.769398,10.736814,2.189478,0.733521,0.0
125952848,8320471,599,39,3.649593,0.557231,0.001139,3.061849,3.620219,4.82456,11.434099,2.315912,0.734131,0.0
125953831,8321454,699,38,3.649309,0.505342,0.002094,3.134144,3.641579,4.78269,11.80132,2.392492,0.739258,0.0
125954828,8322451,599,38,3.64786,0.468598,0.001056,3.138381,3.608035,4.869774,11.767541,2.397463,0.731201,0.0
125955880,8323503,683,37,3.641623,0.532665,0.001163,2.938864,3.472692,4.935436,10.756451,2.199162,0.734619,0.0
125956835,8324458,1187,39,3.674513,0.794211,0.00058,3.722217,4.517008,4.91973,14.29088,2.862416,0.734497,0.0
125957883,8325506,699,39,3.696646,0.878051,0.01162,3.4331,4.32277,4.899348,13.423237,2.650826,0.738281,0.0
125958832,8326455,1385,39,3.726311,0.753195,0.002801,3.734756,4.490752,4.884084,14.333788,2.892733,0.733887,0.0
125959856,8327479,699,40,3.746302,0.723491,0.001415,3.591225,4.316131,4.864815,14.96095,2.829109,0.863403,0.0
130000845,8328468,1042,57,4.327083,13.655436,0.427664,5.575003,19.658103,5.404241,38.775564,4.456629,1.016602,0.0
130001858,8329481,2740,54,4.745587,10.901818,0.006301,5.279417,16.187537,5.784738,32.99612,4.281306,1.021606,0.0
130002857,8330480,2668,59,5.188855,11.726394,0.001384,5.257932,16.985711,6.190373,34.598708,4.265494,1.016602,0.0
130003847,8331470,2857,55,5.575314,10.36223,0.002016,5.656291,16.020537,6.541099,33.773711,4.578377,1.018555,0.0
130004883,8332506,2158,60,6.022785,12.56757,0.002035,5.661473,18.231078,6.954423,36.713816,4.590434,1.052612,0.0
130005833,8333456,2406,70,6.412339,10.972955,0.001826,5.576469,16.55125,7.309506,34.630545,4.503143,1.034058,0.0
130006868,8334491,2358,74,6.836285,12.963417,0.000128,5.944053,18.907599,7.703013,37.677021,4.819591,1.022339,0.0
130007839,8335462,2247,69,7.182627,10.468148,0.001061,5.736715,16.205925,8.017317,34.818817,4.63119,1.002563,0.0
130008851,8336474,2346,63,7.531088,11.498394,0.000881,5.742024,17.241299,8.336862,35.079752,4.642133,1.019165,0.0
130009854,8337477,2053,60,7.822923,10.017425,0.000881,5.587274,15.60558,8.922928,33.592761,4.519284,0.969971,0.0
130010846,8338469,1997,65,8.139204,10.890642,0.001763,5.751085,16.64349,9.19949,35.355184,4.685541,1.191895,0.0
130011854,8339477,1839,63,8.449025,11.057638,0.001046,5.825473,16.884158,9.471747,35.393746,4.696077,1.017334,0.0
130012853,8340476,1607,63,8.725402,10.376461,0.000969,5.748749,16.126179,9.711306,34.369938,4.645272,1.074463,0.0
130013868,8341491,1893,63,8.988516,10.3717,0.000244,5.728018,16.099962,9.939244,34.564437,4.647655,1.071655,0.0
130014838,8342461,2473,64,9.245117,10.376818,0.000962,5.689379,16.067159,10.161381,33.992589,4.560692,1.064453,0.0
130015854,8343477,2243,63,9.47396,10.259066,0.000692,5.591135,15.850893,11.786356,33.463751,4.526732,1.064453,0.0
130016841,8344464,1664,63,9.707454,10.172125,0.000361,5.742702,15.915188,11.936026,34.122169,4.660726,1.023438,0.0
130017855,8345478,2016,65,9.923762,10.374925,0.000866,5.468057,15.843848,12.073777,33.391031,4.435679,1.09436,0.0
130018860,8346483,2421,64,10.131328,10.057451,0.001022,5.591241,15.649715,12.203405,32.703577,4.445213,1.040283,0.0
130019857,8347480,899,71,10.425416,12.074354,0.002788,6.231405,18.308547,12.422972,38.519324,5.061902,0.705444,0.0
130020853,8348476,799,54,10.289451,1.32695,0.002016,5.28562,6.614586,12.28883,22.327909,4.33068,0.718628,0.0
130021858,8349481,799,51,10.113289,0.491781,0.000368,4.834996,5.327146,12.067084,21.995207,3.973168,0.770386,0.0
130022873,8350496,699,49,9.942149,0.459644,0.002245,4.88807,5.349959,11.825987,21.527106,4.010804,0.723389,0.0
130023848,8351471,699,48,9.775762,0.507061,0.001445,4.839113,5.347619,11.591147,21.272622,4.004437,0.724365,0.0
130024879,8352502,798,48,9.586573,0.592466,0.001313,3.754428,4.348207,11.338937,15.09557,2.937692,0.72168,0.0
130025862,8353485,699,47,9.425033,0.455899,0.000651,4.742923,5.199473,11.112873,20.009349,3.880764,0.729126,0.0
130026854,8354477,699,46,9.278059,0.528081,0.000683,4.709828,5.238592,10.915381,20.066695,3.834179,0.724243,0.0
130027859,8355482,799,46,9.105054,0.509508,0.002092,3.883239,4.394839,10.6846,15.959492,3.133918,0.718628,0.0
130028871,8356494,1879,46,8.917281,0.492176,0.000548,3.3704,3.863123,10.440245,12.65624,2.566995,0.729248,0.0
130029857,8357480,985,46,8.749988,1.08072,0.000663,3.207241,4.288624,10.217908,13.721138,2.474912,0.95105,0.0
130030869,8358492,1426,60,9.116252,13.503331,0.001363,5.656875,19.161569,10.532533,38.879086,4.583691,1.041382,0.0
130031854,8359477,1468,61,9.410673,11.526538,0.00193,5.733807,17.262274,10.775765,36.161127,4.648935,1.045776,0.0
130032862,8360485,2219,78,9.763315,13.621312,0.00062,5.813087,19.435019,11.080385,39.309117,4.717101,0.991943,0.0
130033865,8361488,2132,79,10.064554,12.284233,0.001211,5.84563,18.131074,11.33421,37.602081,4.740983,0.991455,0.0
130034864,8362487,1692,78,10.329622,11.639989,0.000975,5.830685,17.471648,11.554062,36.14999,4.759769,1.032349,0.0
130035867,8363490,2267,79,10.582477,11.485962,0.00177,5.921829,17.40956,11.762978,36.308616,4.775118,0.967285,0.0
130036853,8364476,2482,83,10.826094,11.500654,0.00177,5.880912,17.383336,11.964307,36.049255,4.764221,1.042236,0.0
130037896,8365519,3587,83,11.046995,11.195583,0.000868,5.909071,17.105521,12.145168,35.971116,4.745233,1.071289,0.0
130038862,8366485,1675,71,11.28592,11.548506,0.000877,5.905561,17.454944,12.343146,35.8445,4.767342,1.03186,0.0
130039863,8367486,1434,63,11.381094,8.206701,0.001516,5.836376,14.044594,12.401846,31.270676,4.715664,0.941284,0.0
130040873,8368496,1891,59,11.323235,4.001221,0.000977,5.75885,9.761047,12.307532,25.988028,4.618732,0.927124,0.0
130041876,8369499,699,54,11.17037,1.881195,0.000662,5.220251,7.102109,12.119021,22.122303,4.252545,0.718628,0.0
130042866,8370489,699,52,10.958854,0.437348,0.000609,4.82768,5.265636,11.968979,21.074151,3.991638,0.72168,0.0
130043878,8371501,799,49,10.759808,0.476321,0.000308,4.852623,5.329252,11.734454,21.176978,3.961972,0.727905,0.0
130044877,8372500,798,49,10.553051,0.486593,0.001568,4.5511,5.03926,11.492232,18.510101,3.631923,0.71875,0.0
130045868,8373491,699,48,10.337786,0.493841,0.001568,4.024189,4.519598,11.243707,16.172911,3.195395,0.723877,0.0
130046881,8374504,648,46,10.122266,0.47333,0.000923,3.780303,4.254556,10.996091,15.231259,3.037346,0.724121,0.0
130047877,8375500,699,47,9.910412,0.585347,6e-05,3.681089,4.266496,10.752624,14.267901,2.843251,0.734009,0.0
130048887,8376510,799,47,9.682307,0.487913,0.001719,2.995267,3.484899,10.494361,10.765168,2.246658,0.723145,0.0
130049886,8377509,699,46,9.493765,0.437811,0.001087,4.021684,4.460582,10.35345,16.408103,3.222148,0.728394,0.0
130050882,8378505,699,46,9.30248,0.490297,0.000428,3.641685,4.13241,10.131714,14.30436,2.89042,0.728516,0.0
130051867,8379490,822,60,9.480905,10.007922,0.000922,4.324768,14.333612,10.280732,29.64844,3.427038,1.02002,0.0
130052893,8380516,2037,78,9.789998,13.290111,0.000929,4.976255,18.267296,10.561688,34.853488,3.970009,0.973877,0.0
130053861,8381484,2506,66,10.069566,12.461761,0.001011,4.956757,17.419529,10.812979,33.403558,4.012183,1.097534,0.0
130054883,8382506,2601,61,10.264528,10.525412,0.000883,5.182692,15.708986,10.982241,31.507939,4.196571,1.033569,0.0
130055873,8383496,2251,63,10.459595,10.369999,0.002511,5.241551,15.61406,11.646269,31.076506,4.203015,0.722534,0.0
130056883,8384506,699,53,10.272648,0.708659,0.000553,4.478961,5.188173,11.360952,17.820709,3.589875,0.723877,0.0
130057891,8385514,599,49,10.036531,0.513058,0.001509,3.21873,3.733297,11.11823,11.919906,2.463584,0.715698,0.0
130058895,8386518,799,49,9.808749,0.517164,0.000484,3.191616,3.709265,10.91353,11.404077,2.373596,0.722412,0.0
130059884,8387507,599,47,9.589924,0.534909,0.000484,3.170652,3.706045,10.732303,11.469193,2.393211,0.727661,0.0
130100889,8388512,672,47,9.380316,0.476752,0.001295,3.183569,3.661616,10.482556,11.786252,2.429827,0.785278,1.09375
130101887,8389510,1091,57,9.625531,11.140105,0.003354,5.096039,16.239498,10.688366,32.96343,4.100349,1.087158,0.0
130102870,8390493,699,55,9.813534,10.394879,0.003354,4.486114,14.884347,10.565794,28.312451,3.516516,0.718872,0.0
130103906,8391529,798,49,9.595829,0.551427,0.000683,3.060276,3.612386,10.32168,10.986825,2.289657,0.746338,0.0
130104877,8392500,599,47,9.394985,0.534249,0.001177,3.632184,4.16761,10.140766,13.611896,2.797523,0.728027,0.0
130105900,8393523,798,48,9.198567,0.532516,0.000566,3.197928,3.73101,9.918714,11.898949,2.437173,0.732666,0.0
130106882,8394505,699,46,8.996746,0.469189,0.000477,3.204972,3.674639,9.690582,12.191668,2.495058,0.723511,0.0
130107898,8395521,2109,57,9.125335,8.16325,0.002556,4.508663,12.674468,9.794912,28.341321,3.587027,1.010132,0.0
130108881,8396504,1884,65,9.437672,11.966495,0.002556,5.764005,17.733056,10.082953,36.679966,4.655132,1.047119,0.0
130109900,8397523,1948,63,9.692882,10.906293,0.000683,5.80014,16.707117,10.315508,34.505974,4.694616,1.093506,0.0
130110873,8398496,2673,69,9.953795,10.993096,0.001078,5.86806,16.862235,10.553762,35.976028,4.742995,1.027466,0.0
130111895,8399518,2847,67,10.186501,10.751471,0.001078,5.897816,16.650366,10.765837,34.689713,4.77622,1.034424,0.0
130112879,8400502,1785,64,10.401735,10.164026,0.000717,5.918589,16.083332,10.959736,33.666478,4.769829,1.047119,0.0
130113904,8401527,2085,65,10.592727,9.956546,0.000992,5.878914,15.836452,11.131117,33.4789,4.749453,1.074829,0.0
130114880,8402503,2420,65,10.797127,10.317323,0.002144,5.856874,16.176341,11.315809,34.040408,4.731445,1.043213,0.0
130115908,8403531,2278,66,10.973485,10.024399,0.002564,5.829608,15.856571,11.474087,33.475782,4.73898,1.083008,0.0
130116886,8404509,1978,65,11.144506,9.749476,0.001662,5.880512,15.63165,11.626729,33.092336,4.747086,1.064209,0.0
130117896,8405519,898,66,11.30155,9.753293,0.00081,5.877374,15.631477,11.767038,33.609505,4.737315,0.711792,0.0
130118897,8406520,699,55,11.087564,0.483758,0.000302,4.896935,5.380995,11.571166,21.696376,4.048145,0.712769,0.0
130119898,8407521,799,52,10.881414,0.393066,0.000977,4.921331,5.315374,11.347968,21.344901,4.013674,0.717163,0.0
130120893,8408516,799,49,10.683472,0.439746,0.000915,4.90391,5.34457,11.133347,21.325745,4.006897,0.723755,0.0
130121904,8409527,698,49,10.461501,0.460739,0.000915,3.975388,4.437041,10.895389,15.883679,3.155628,0.724487,0.0
130122902,8410525,1330,55,10.274065,1.844739,0.001574,3.408644,5.254957,10.692333,15.455404,2.634111,0.86377,0.0
130123907,8411530,2440,89,10.992679,24.0312,0.002694,6.421915,30.455808,11.396054,52.661316,5.24115,0.862427,0.0
130124891,8412514,2361,87,11.587649,20.952957,0.001335,6.598167,27.552459,11.976531,48.765993,5.384312,0.85376,0.0
130125910,8413533,799,63,11.609018,7.599897,0.000124,4.593839,12.19386,11.756375,23.758725,3.541464,0.713013,0.0
130126893,8414516,799,55,11.353125,0.469294,0.000124,4.108219,4.577637,11.448474,15.830066,3.266159,0.712769,0.0
130127901,8415524,798,53,11.112237,0.37509,0.000435,4.116091,4.491616,11.357253,16.389991,3.332072,0.721313,0.0
130128899,8416522,798,51,10.874784,0.421978,0.002301,4.092019,4.516299,11.111223,16.086128,3.234863,0.723511,0.0
130129923,8417546,799,51,10.614536,0.471463,0.001774,3.100011,3.573248,10.842548,11.049379,2.33909,0.72229,0.0
130130884,8418507,1961,75,10.771216,10.036188,0.000777,4.874384,14.911349,10.990914,31.328082,3.903568,1.038208,0.0
130131906,8419529,2470,75,11.028715,12.859555,0.001842,5.412377,18.273773,11.240872,35.584061,4.325341,1.08728,0.0
130132892,8420515,1536,67,11.267324,12.379865,0.001254,5.184823,17.565942,11.471737,33.998514,4.175203,1.034302,0.0
130133913,8421536,1387,82,11.464935,11.163986,0.001857,5.713163,16.879006,11.66215,33.560051,4.560738,1.097046,0.0
130134899,8422522,2637,81,11.654457,10.854394,0.002092,5.805932,16.662418,11.844481,33.395566,4.628923,1.072266,0.0
130135897,8423520,799,61,11.658289,6.804679,0.000988,4.957377,11.763044,11.841605,24.309512,3.87297,0.723633,0.0
130136906,8424529,798,54,11.372294,0.48822,0.001589,3.152608,3.642417,11.549362,11.500112,2.409176,0.719604,0.0
130137896,8425519,799,51,11.105728,0.539154,0.000423,3.435451,3.975028,11.276416,12.643532,2.63044,0.718872,0.0
130138903,8426526,799,51,10.864032,0.463497,0.001356,3.805018,4.269872,11.082531,14.368513,2.945701,0.723389,0.0
130139918,8427541,799,49,10.609724,0.475674,0.000667,3.316575,3.792916,10.837612,12.290167,2.508974,0.724731,0.0
130140895,8428518,798,48,10.356211,0.479622,0.000667,3.135954,3.616243,10.576095,11.303843,2.368501,0.722412,0.0
130141908,8429531,799,48,10.125298,0.526951,0.000667,3.210832,3.73845,10.33751,11.740888,2.426898,0.717163,0.0
130142904,8430527,799,48,9.900069,0.434115,0.002229,3.463459,3.899803,10.104603,12.961566,2.666869,0.724609,0.0
130143914,8431537,799,47,9.676646,0.453868,0.000736,3.158186,3.612791,9.951423,11.581298,2.379514,0.723755,0.0
130144908,8432531,599,47,9.454627,0.459122,0.001207,3.067442,3.527772,9.752983,10.951399,2.304395,0.72876,0.0
130145919,8433542,798,46,9.246758,0.396698,0.000799,3.195763,3.59326,9.606241,11.737927,2.417213,0.724731,0.0
130146901,8434524,699,46,9.045378,0.519462,0.000482,3.155024,3.674968,9.50832,11.480331,2.379297,0.729492,0.0
130147932,8435555,799,45,8.855342,0.424944,0.00112,3.195252,3.621315,9.302065,11.753924,2.422844,0.728882,0.0
130148905,8436528,716,45,8.657369,0.472549,0.001833,3.009594,3.483977,9.152681,10.854085,2.261021,0.737427,0.0
130149931,8437554,798,45,8.481052,0.422102,0.001317,3.160072,3.583492,8.959152,11.74532,2.396037,0.7229,0.0
130150906,8438529,798,45,8.304594,0.530934,0.001249,3.13326,3.665444,8.765364,11.687012,2.386743,0.724365,0.0
130151926,8439549,740,45,8.138982,0.466684,0.001249,3.07574,3.543674,8.806571,11.567171,2.36114,0.72876,0.0
130152906,8440529,699,43,7.974123,0.552248,0.000778,3.064862,3.617889,8.696878,11.281748,2.291522,0.723022,0.0
130153926,8441549,798,45,7.82521,0.483299,0.000374,3.235794,3.719466,8.58902,11.939909,2.47314,0.722168,0.0
130154910,8442533,799,43,7.668743,0.418689,0.000658,3.110689,3.530036,8.696256,11.569276,2.370821,0.753906,0.0
130155925,8443548,975,68,7.791194,7.244207,0.001431,3.918128,11.163766,8.782707,24.744444,3.09821,1.097534,0.0
130156913,8444536,2189,76,8.193787,13.779273,0.000601,5.117332,18.897206,9.149358,35.329362,4.105153,1.149292,0.0
130157919,8445542,1932,70,8.552134,13.077169,0.000866,5.281613,18.359647,9.47435,35.456304,4.245937,1.115234,0.0
130158909,8446532,3074,72,8.899896,12.91133,0.002182,5.308273,18.221785,9.788632,34.686531,4.242343,1.03833,0.0
130159935,8447558,2117,72,9.21613,12.567077,0.000925,5.275904,17.843905,10.073444,34.170871,4.226161,1.114502,0.0
130200925,8448548,699,54,9.115956,2.908393,0.001246,3.58067,6.490309,9.941764,14.640566,2.657761,0.721802,0.0
130201921,8449544,698,50,8.948401,0.765097,0.005179,3.606746,4.377022,9.74501,13.962027,2.833507,0.717529,0.0
130202937,8450560,799,47,8.765018,0.508647,0.001288,3.277925,3.78786,9.533106,12.135222,2.493249,0.721558,0.0
130203918,8451541,693,46,8.574351,0.469557,0.00192,3.044112,3.515589,9.42849,10.886868,2.246334,0.729858,0.0
130204925,8452548,699,46,8.403836,0.52275,0.00192,3.18278,3.70745,9.329105,11.771208,2.410081,0.724243,0.0
130205924,8453547,699,46,8.24207,0.535437,0.001818,3.368631,3.905886,9.134063,12.668912,2.582792,0.724121,0.0
130206937,8454560,799,46,8.078029,0.522984,0.000855,3.120473,3.644313,9.030292,11.524597,2.366394,0.727783,0.0
130207936,8455559,798,45,7.914872,0.455082,0.001145,3.112038,3.568265,8.832879,11.608392,2.387193,0.728394,0.0
130208915,8456538,699,0,7.783832,0.491642,0.000672,3.749782,4.242096,8.772459,14.646667,2.924805,0.734619,0.0
130209962,8457585,799,45,7.637696,0.497009,0.000374,3.106874,3.604257,8.591756,11.434086,2.355558,0.72937,0.0
130210916,8458539,836,51,7.799085,7.609958,0.000232,4.323025,11.933215,8.71718,25.795969,3.444777,0.721069,0.0
130211955,8459578,599,47,7.69728,0.529958,0.000772,4.264614,4.795344,8.603652,17.401661,3.38976,0.732666,0.0
130212927,8460550,799,45,7.582383,0.485697,0.001997,4.113228,4.600922,8.455265,17.140331,3.347817,0.722412,0.0
130213950,8461573,699,45,7.490734,0.521373,0.000628,4.420277,4.942278,8.396873,18.713781,3.584463,0.722412,0.0
130214950,8462573,670,45,7.384298,0.80502,0.000628,3.774733,4.580381,8.257435,14.688292,2.930165,0.734253,0.0
130215963,8463586,2000,67,7.629835,9.292066,0.001534,5.000282,14.293882,9.331504,32.58844,4.157043,0.939697,0.0
130216948,8464571,599,49,7.702889,4.492319,0.001439,5.145415,9.639174,9.318439,24.875773,4.248805,0.718384,0.0
130217934,8465557,799,46,7.569968,0.56563,0.001054,3.353909,3.920593,9.128936,12.777642,2.579835,0.723145,0.0
130218957,8466580,698,46,7.471324,0.482896,0.000929,4.284903,4.768728,9.073926,17.656572,3.417597,0.724487,0.0
130219942,8467565,799,45,7.366365,0.474559,0.001909,4.122071,4.598539,8.910574,17.011447,3.301447,0.7229,0.0
130220973,8468596,699,45,7.258241,0.510774,0.000929,3.781081,4.292785,8.925639,15.301068,3.049777,0.732544,0.0
130221940,8469563,899,62,7.821648,17.543222,0.001363,5.029585,22.57417,9.427223,40.411188,4.024476,0.714478,0.0
130222966,8470589,699,48,7.677149,0.570691,0.000757,3.070485,3.641932,9.314311,11.443426,2.352737,0.727295,0.0
130223952,8471575,699,46,7.589282,0.500357,0.001904,4.776952,5.279214,9.166453,20.213195,3.904886,0.722656,0.0
130224953,8472576,798,46,7.456722,0.494657,0.000743,3.32949,3.82489,9.058594,12.640102,2.572461,0.732666,0.0
130225975,8473598,799,46,7.318328,0.471452,0.000732,3.113387,3.585571,8.863129,11.519226,2.38678,0.727661,0.0
130226936,8474559,1986,46,7.253686,0.680611,0.00024,4.86125,5.5421,8.742267,21.859288,3.9922,1.005493,0.0
130227989,8475612,875,50,7.43791,7.468639,0.00114,5.134804,12.604583,8.73757,28.865356,4.15798,0.721436,0.0
130228943,8476566,799,47,7.354337,0.384255,0.00058,4.828706,5.213541,8.638604,20.893694,3.957971,0.734985,0.0
130229961,8477584,799,46,7.250792,0.575967,0.001023,3.741471,4.318461,8.539753,15.148326,2.915656,0.728882,0.0
130230968,8478591,599,45,7.124553,0.512983,0.000959,3.264656,3.778598,8.328923,12.141967,2.498597,0.727783,0.0
130231948,8479571,798,45,6.999598,0.520316,0.000959,3.125409,3.646684,8.160697,11.741055,2.374734,0.733276,0.0
130232974,8480597,798,45,6.881827,0.499791,0.000995,3.137344,3.638131,8.145646,11.76953,2.424919,0.728516,0.0
130233950,8481573,763,43,6.817567,0.349911,0.001725,4.77651,5.128146,8.035184,20.233393,3.914058,0.729248,0.0
130234960,8482583,1197,43,6.74435,0.525153,0.00025,4.189516,4.714919,7.908281,17.170606,3.357985,0.734375,0.0
130235959,8483582,898,43,6.62909,0.444633,0.000423,3.10713,3.552186,7.751151,11.559143,2.369019,0.723877,0.0
130236967,8484590,1624,43,6.519781,0.449446,0.000423,3.112432,3.5623,7.601848,11.576538,2.365662,0.73291,0.0
130237966,8485589,1098,43,6.409598,0.491669,0.000302,2.970216,3.462187,7.452673,11.055953,2.276811,0.728516,0.0
130238963,8486586,1865,43,6.345158,0.393732,0.000302,4.207637,4.601672,7.351055,17.036461,3.343221,0.733154,0.0
130239971,8487594,1251,43,6.250396,0.454856,0.001224,3.225068,3.681148,7.22038,12.197787,2.467241,0.727295,0.0
130240964,8488587,799,42,6.147437,0.398969,0.001635,2.99266,3.393264,7.082467,11.040279,2.286094,0.726685,0.0
130241961,8489584,1310,42,6.053279,0.46222,0.001635,3.028562,3.492417,6.955148,10.842745,2.246266,0.726685,0.0
130242970,8490593,1297,42,5.963857,0.432444,0.000122,3.11188,3.544447,6.833703,11.682447,2.401308,0.727417,0.0
130243967,8491590,1062,43,5.878939,0.409038,0.001089,3.197238,3.607365,6.750122,11.788919,2.40889,0.732178,0.0
130244963,8492586,2064,42,5.791037,0.454237,0.000491,2.950592,3.40532,6.631381,10.796182,2.222427,0.738647,0.0
130245971,8493594,866,41,5.708031,0.397036,0.000553,3.055258,3.452846,6.518543,11.282741,2.326628,0.734009,0.0
130246981,8494604,1802,41,5.628803,0.434672,0.001087,3.078019,3.513778,6.41005,11.289989,2.32764,0.733887,0.0
130247953,8495576,1259,42,5.559149,0.511412,0.000424,3.182124,3.693959,6.312174,12.021395,2.461109,0.723755,0.0
130248990,8496613,1397,41,5.478,0.27883,0.001568,2.943539,3.223937,6.204857,10.542961,2.18541,0.729492,0.0
130249971,8497594,998,41,5.413282,0.604536,0.000587,3.128782,3.733905,6.113256,11.438106,2.347052,0.732666,0.0
130250966,8498589,978,42,5.347732,0.443535,0.000587,3.092485,3.536607,6.023165,11.549643,2.354675,0.738159,0.0
130251987,8499610,894,41,5.278341,0.385882,0.001961,3.009147,3.39699,5.929842,11.304817,2.293256,0.733887,0.0
130252955,8500578,988,40,5.230038,0.652676,0.001016,3.299963,3.953655,5.857782,12.801023,2.575196,0.729736,0.0
130253986,8501609,599,40,5.167215,0.283113,0.000691,3.134668,3.418472,5.77319,11.403391,2.347486,0.784424,0.0
130254972,8502595,1957,40,5.108105,0.44963,0.000712,3.106856,3.557198,5.691752,11.309145,2.34778,0.734741,0.0
130255981,8503604,1092,40,5.047555,0.414048,0.001301,2.971544,3.386893,5.610753,10.872872,2.26441,0.749512,0.0
130256990,8504613,1795,40,4.991628,0.494439,0.00163,3.002575,3.498644,5.534491,10.898759,2.225365,0.733887,0.0
130257963,8505586,2154,69,5.385679,11.639471,0.002121,4.306767,15.948359,5.909018,31.97233,3.4897,0.787842,0.0
130259002,8506625,1697,76,6.178943,21.742678,6.3e-05,6.44723,28.18997,6.684077,49.371106,5.341392,0.801147,0.0
130259955,8507578,1896,81,6.977989,21.857459,0.001586,5.853383,27.712428,7.464379,47.496385,4.803349,0.927246,0.0
130301004,8508627,699,52,6.976525,2.347073,0.001586,4.586404,6.935064,7.446326,18.965721,3.641256,0.717041,0.0
130301973,8509596,754,48,6.882155,0.87026,0.00448,3.582863,4.457603,7.432591,13.534736,2.769251,0.723877,0.0
130303001,8510624,1869,47,6.778206,0.500021,0.00448,3.367756,3.872257,7.30976,12.748285,2.592859,0.723633,0.0
130303978,8511601,998,46,6.69189,0.532784,0.001955,3.897006,4.431745,7.20389,15.788216,3.127161,0.729614,0.0
130304957,8512580,1907,45,6.582489,0.463053,0.000876,3.086188,3.550118,7.07666,11.451471,2.345163,0.724487,0.0
130306151,8513774,2777,80,7.105177,16.143362,0.001311,5.402298,21.54697,7.582088,41.733037,4.44448,1.032471,0.0
130307042,8514665,2723,82,8.080134,23.536957,0.001279,6.449416,29.987652,8.536725,52.483788,5.411988,0.926636,0.0
130308160,8515783,2691,88,8.755065,22.604312,0.002261,6.683521,29.290093,9.197126,50.680963,5.537416,0.871216,0.0
130309027,8516650,2504,88,9.491045,20.42796,0.000873,6.742176,27.171008,9.91544,48.019341,5.536347,0.86145,0.0
130310160,8517783,2352,86,10.011231,19.526463,0.00169,6.762442,26.290594,10.422485,46.862062,5.551949,0.848877,0.0
130310906,8518529,2291,87,10.645116,18.934108,0.00027,6.755977,25.690355,11.040288,46.056741,5.544987,0.896729,0.0
130312053,8519676,2299,79,10.885996,13.350685,0.001879,6.321538,19.674102,11.270318,37.497414,5.099982,1.013794,0.0
130312948,8520571,1397,59,10.734663,2.102658,0.002125,5.093381,7.198164,11.103069,21.663934,4.122652,0.712891,0.0
130314031,8521654,699,55,10.541071,0.759261,0.002384,3.923263,4.684909,10.905973,15.269451,3.111563,0.714966,0.0
130314952,8522575,1595,53,10.347786,0.519701,0.0022,5.017335,5.539237,10.698779,21.001814,4.108516,0.722656,0.0
130316020,8523643,698,51,10.189061,0.654723,0.002182,4.870616,5.527521,10.52718,20.227455,4.001681,0.71582,0.0
130316960,8524583,699,49,9.954763,0.512535,0.000458,3.533404,4.046396,10.279984,12.91869,2.674081,0.747559,0.0
130318018,8525641,599,48,9.749216,0.6182,0.000584,3.219808,3.838592,10.063737,11.744685,2.420281,0.723877,0.0
130318976,8526599,3415,47,9.536411,0.465956,0.000692,3.650687,4.117335,9.839048,14.28546,2.895676,0.734009,0.0
130320002,8527625,499,47,9.398079,0.559255,0.002102,4.931934,5.493291,9.690361,20.997759,4.044524,0.728027,0.0
130320997,8528620,799,47,9.263303,0.786722,0.002325,4.923761,5.712807,9.588103,20.419099,4.013712,0.728882,0.0
130322010,8529633,599,46,9.068675,0.553606,0.000919,3.237322,3.791847,9.479349,11.826253,2.418664,0.72229,0.0
130323009,8530632,599,46,8.874677,0.562753,0.001085,3.142601,3.706438,9.270494,11.361637,2.362073,0.732422,0.0
130323996,8531619,599,45,8.690352,0.505571,0.000672,3.202162,3.708406,9.076927,11.778328,2.441224,0.726929,0.0
130325006,8532629,499,45,8.517709,0.510869,0.000672,3.291048,3.802589,8.933097,12.283605,2.525563,0.728882,0.0
130326006,8533629,699,43,8.338982,0.520555,0.000727,3.031789,3.55307,8.80047,11.047242,2.289483,0.721924,0.0
130326999,8534622,599,43,8.165189,0.454041,0.000122,3.018609,3.472772,8.610386,11.060181,2.282043,0.728638,0.0
130327995,8535618,699,43,8.000745,0.502418,0.000246,3.020964,3.523628,8.429988,11.035083,2.268453,0.743042,0.0
130329016,8536639,599,43,7.84879,0.471585,0.000856,3.269295,3.741736,8.262885,12.248258,2.518103,0.728516,0.0
130330008,8537631,599,45,7.690022,0.489659,0.000479,2.996053,3.486192,8.088877,11.120438,2.288639,0.729004,0.0
130331033,8538656,699,43,7.546601,0.49548,0.0008,3.145567,3.641846,7.931484,11.327529,2.336148,0.723145,0.0
130331990,8539613,506,43,7.400237,0.485785,0.000891,3.069468,3.556145,7.86213,11.300283,2.335933,0.762939,0.0
130333028,8540651,939,74,7.824501,14.679853,0.000833,5.197906,19.878592,8.270261,39.256043,4.208371,1.140015,0.0
130333999,8541622,599,52,7.94837,6.605679,0.002226,4.545128,11.153033,8.377541,24.465907,3.568966,0.718872,0.0
130335011,8542634,599,48,7.841296,0.541082,0.000566,4.319102,4.860749,8.324025,17.765253,3.504587,0.72876,0.0
130336021,8543644,3700,48,7.72917,0.571571,0.000905,4.166533,4.739009,8.194581,17.169473,3.381686,0.722412,0.0
130337017,8544640,499,46,7.59892,0.544728,0.000543,3.576564,4.121835,8.047525,13.728015,2.779879,0.721436,0.0
130338007,8545630,499,43,7.483088,0.46356,0.000981,3.874782,4.339324,8.089101,15.074704,3.027515,0.724487,0.0
130339013,8546636,1673,68,7.773349,10.503562,0.001673,5.228934,15.734169,8.35777,34.627197,4.307629,0.873657,0.0
130340021,8547644,760,52,7.961739,7.519483,0.000847,5.480884,13.001214,8.291867,29.25576,4.482774,0.717896,0.0
130341014,8548637,799,46,7.831006,0.501468,0.000786,3.831605,4.333859,8.149238,15.179146,2.993992,0.724731,0.0
130342020,8549643,698,46,7.678437,0.492277,0.000786,3.035901,3.528964,7.985548,11.080862,2.292168,0.727539,0.0
130343021,8550644,761,45,7.565514,0.474691,0.000849,4.05993,4.53547,7.909082,16.864777,3.277836,0.72644,0.0
130344028,8551651,699,45,7.445259,0.514866,0.000732,3.686124,4.201721,7.776676,14.765015,2.941772,0.728149,0.0
130345028,8552651,1682,61,7.726781,10.457559,0.000851,4.83807,15.29648,8.046315,33.167247,3.916118,1.085815,0.0
130346020,8553643,2580,78,8.128955,13.450462,0.000244,5.548212,18.998918,8.437088,36.459041,4.40976,1.141235,0.0
130347015,8554638,2741,70,8.552898,14.633732,0.000554,5.460801,20.095087,8.850531,37.559448,4.368813,1.027588,0.0
130348061,8555684,2818,80,8.950813,13.796213,0.001532,5.941516,19.73926,9.237469,38.180432,4.779188,0.972412,0.0
130349033,8556656,1413,66,9.283805,11.82131,0.001107,6.025125,17.847542,9.559732,35.220559,4.760859,0.730713,0.0
130350033,8557656,1189,54,9.125828,1.232622,0.001694,3.503405,4.737721,9.392167,13.651112,2.690189,0.723877,0.0
130351028,8558651,599,49,8.965271,0.488403,0.001098,4.145208,4.634709,9.222088,17.059173,3.36512,0.72876,0.0
130352056,8559679,599,47,8.783149,0.561401,0.000613,3.273069,3.835083,9.076565,11.957738,2.44705,0.723877,0.0
130353008,8560631,1501,48,8.635462,1.025569,0.001191,3.725943,4.752703,8.918126,14.265408,2.875005,0.802246,1.0
130354085,8561708,1361,49,8.582746,1.747171,0.108913,5.22727,7.083355,8.855875,21.96613,4.185423,0.734253,0.0
