timestamp,Relative timestamp(mS),CPU0-Frequency(MHz),CPU0-DTS(Degree C),Power-EWMA Power(Watts),Power-IA Power(Watts),Power-GT Power(Watts),Power-Rest of Package Power(Watts),Power-Package Power(Watts),Power-MSR Psys Power(Watts),Power-Psys EWMA Power(Watts),Power-SA Power(Watts),Voltage-IA Target voltage(Volts),Voltage-GT Target Voltage(Volts)
161409537,6744301,2792,48,7.635594,2.135926,0.035792,4.427823,6.599541,18.810364,21.090805,3.498901,1.016724,0.0
161410543,6745307,3745,55,7.849214,8.380945,0.287746,5.133245,13.801937,29.79579,21.39237,4.089922,1.030518,1.40625
161411554,6746318,2218,47,7.814433,1.808827,0.347149,4.733781,6.889757,19.590002,21.32697,3.748436,0.957153,0.0
161412553,6747317,998,47,7.778539,1.357013,0.16195,5.294421,6.813384,20.986905,21.314789,4.267958,0.760132,0.0
161413548,6748312,1763,47,7.774672,2.299582,0.210259,5.160223,7.670064,21.656178,21.326969,4.128274,0.859985,0.0
161414564,6749328,1542,46,7.719018,1.169973,0.173659,4.864901,6.208533,19.188778,21.250987,3.88294,0.806274,0.0
161415543,6750307,1796,46,7.686134,1.580486,0.141534,5.090729,6.812749,20.483819,21.223177,4.087732,0.777832,0.0
161416558,6751322,1988,48,7.726811,3.353629,0.158168,5.33774,8.849537,23.820108,21.313977,4.298583,1.007935,0.0
161417558,6752322,1423,47,7.722397,2.070505,0.151896,5.382639,7.605041,22.247284,21.347809,4.340772,0.828857,0.0
161418561,6753325,798,48,7.748646,2.75774,0.162679,5.536212,8.456631,23.716178,21.432563,4.480236,0.878784,0.0
161419558,6754322,1769,49,7.762805,2.096658,0.182618,5.865411,8.144687,24.112,21.528257,4.763306,0.87146,0.0
161420553,6755317,1155,47,7.770933,2.470576,0.19242,5.32832,7.991316,22.686081,21.569442,4.284337,0.778198,0.0
161421570,6756334,1896,48,7.764544,2.049239,0.162414,5.379848,7.5915,22.23253,21.593053,4.343178,0.843018,0.0
161422553,6757317,1551,47,7.761213,2.156516,0.144516,5.371814,7.672845,22.31,21.619094,4.334456,0.839722,0.953125
161423566,6758330,1497,48,7.771003,2.654688,0.158642,5.226733,8.040062,22.569472,21.652459,4.204223,0.843018,0.0
161424564,6759328,1418,46,7.727734,1.242914,0.167335,5.165958,6.576207,20.251332,21.601718,4.145876,0.916504,1.148438
161425556,6760320,1194,46,7.677138,1.301736,0.220095,4.782089,6.303919,19.12104,21.513477,3.801828,0.934937,0.0
161426570,6761334,1828,48,7.686881,2.422371,0.164623,5.364585,7.951579,22.797952,21.55903,4.33786,0.887939,0.0
161427551,6762315,1854,47,7.691345,2.425214,0.158366,5.226572,7.810152,22.251347,21.584101,4.202577,0.857178,0.984375
161428566,6763330,1819,47,7.708294,2.451859,0.161889,5.561354,8.175102,23.305226,21.644402,4.492362,0.880249,0.0
161429558,6764322,854,46,7.686492,1.737071,0.186946,5.184027,7.108045,21.1004,21.624643,4.167091,0.769287,0.0
161430571,6765335,1104,46,7.664399,1.737131,0.206325,5.118823,7.062279,21.061502,21.604712,4.100626,0.770874,0.0
161431571,6766335,1497,47,7.700971,3.167314,0.198545,5.31042,8.67628,23.606372,21.677058,4.283739,0.84668,0.984375
161432569,6767333,1781,47,7.70541,2.286621,0.164124,5.374512,7.825256,22.548584,21.708184,4.328552,0.880859,1.046875
161433569,6768333,957,45,7.681275,1.518242,0.169664,5.341034,7.028941,21.616638,21.704914,4.313171,0.798706,1.179688
161434567,6769331,1146,45,7.617175,1.037598,0.190979,4.657898,5.886475,18.139587,21.577581,3.694702,0.818604,1.289062
161435588,6770352,1098,47,7.614234,2.338172,0.198945,4.997544,7.534662,21.523922,21.575671,4.005302,0.967407,1.398438
161436571,6771335,1639,46,7.612095,2.01985,0.191072,5.344559,7.555481,22.217694,21.599059,4.297713,0.834961,0.984375
161437570,6772334,1148,46,7.601366,1.800351,0.149611,5.356827,7.306789,21.798111,21.606054,4.321711,0.845581,0.953125
161438582,6773346,1606,47,7.60603,2.304734,0.15439,5.272973,7.732097,22.113135,21.624128,4.248548,0.796997,0.953125
161439578,6774342,1054,45,7.556651,1.149375,0.14699,4.946135,6.2425,19.270015,21.538875,3.945616,0.811157,0.0
161440578,6775342,1235,48,7.54433,1.909853,0.156737,5.142627,7.209217,21.258182,21.528921,4.136438,1.058716,0.0
161441574,6776338,1602,47,7.543917,2.145438,0.182862,5.204477,7.532776,21.838147,21.539975,4.177463,0.787598,0.0
161442588,6777352,898,45,7.511426,1.638215,0.161067,4.833062,6.632344,19.610467,21.471271,3.850352,0.746094,0.0
161443567,6778331,998,46,7.47931,1.151783,0.160232,5.312587,6.624602,21.045162,21.455825,4.286546,0.893921,0.0
161444582,6779346,1363,46,7.427838,1.040968,0.186351,4.778341,6.00566,18.727745,21.360537,3.801342,0.904541,0.0
161445579,6780343,1517,46,7.413405,1.682225,0.170778,5.176683,7.029687,21.203457,21.354848,4.168208,0.753784,0.0
161446578,6781342,798,46,7.416302,2.385076,0.150175,4.959366,7.494616,20.907504,21.338888,3.958732,0.730713,0.0
161447574,6782338,1043,45,7.368615,1.05307,0.143965,4.881345,6.07838,18.97784,21.254649,3.884011,0.731201,0.0
161448587,6783351,1397,45,7.331244,1.222911,0.158691,4.935382,6.316985,19.627741,21.196836,3.949435,0.766113,0.0
161449587,6784351,1146,45,7.278999,1.067513,0.197792,4.623263,5.888568,18.484374,21.098703,3.678438,0.841064,1.40625
161450584,6785348,1282,45,7.272065,1.845534,0.207972,5.031154,7.08466,21.087524,21.098303,4.026794,0.814697,0.0
161451583,6786347,1074,46,7.270746,1.838577,0.163046,5.233428,7.235051,21.409015,21.109367,4.207875,0.815796,0.953125
161452579,6787343,1045,45,7.255836,1.540298,0.142232,5.170331,6.852861,20.942573,21.103416,4.150146,0.894165,0.984375
161453592,6788356,998,45,7.22497,1.028231,0.147782,5.212088,6.388101,20.597376,21.085397,4.19006,0.760986,0.0
161454576,6789340,798,45,7.204876,1.366211,0.163704,5.140191,6.670107,20.811062,21.075462,4.139737,0.770264,0.0
161455593,6790357,1133,47,7.210219,2.123005,0.179132,5.054928,7.357065,21.322961,21.084143,4.058279,0.812988,0.0
161456594,6791358,1011,46,7.228801,2.212794,0.214343,5.29417,7.721307,22.380597,21.131278,4.25945,0.775391,0.0
161457590,6792354,808,45,7.181134,1.195399,0.145362,4.55471,5.895472,17.865088,21.014395,3.602658,0.731079,0.0
161458587,6793351,1971,45,7.139394,1.036184,0.168477,4.799527,6.004188,18.940875,20.940859,3.825423,0.817627,0.0
161459586,6794350,1397,46,7.103085,1.098877,0.200902,4.820921,6.120701,19.214381,20.879384,3.851392,0.765015,0.0
161500599,6795363,1351,46,7.134596,2.537388,0.193247,5.255622,7.986258,22.730103,20.945481,4.229083,0.860596,1.234375
161501578,6796342,1085,47,7.129778,1.785293,0.153765,5.062115,7.001173,20.614231,20.933533,4.053278,0.763306,0.0
161502609,6797373,1095,45,7.108474,1.397475,0.146658,4.978805,6.522938,19.856729,20.895729,3.983553,0.726685,0.0
161503589,6798353,1097,45,7.070455,1.030434,0.125389,4.91913,6.074954,19.221634,20.834086,3.935968,0.768677,0.0
161504600,6799364,841,44,7.031867,1.053666,0.137438,4.77796,5.969064,18.57524,20.755027,3.796449,0.794189,1.046875
161505595,6800359,1986,46,7.029596,1.646134,0.154493,5.168208,6.968836,20.988532,20.763441,4.162791,0.842041,1.109375
161506591,6801355,799,45,7.032779,1.80069,0.166393,5.15193,7.119013,20.906192,20.768524,4.139321,0.741089,0.0
161507604,6802368,799,45,6.995474,1.022952,0.143947,4.81712,5.984019,18.812507,20.698946,3.844049,0.773438,0.0
161508582,6803346,799,44,6.953592,1.083615,0.153191,4.599892,5.836698,18.026339,20.602255,3.645962,0.789429,1.148438
161509607,6804371,1153,43,6.918302,1.034602,0.17468,4.733969,5.943252,18.531323,20.529994,3.767999,0.861084,0.0
161510591,6805355,1217,46,6.93999,2.213478,0.19443,5.103409,7.511318,21.59793,20.569088,4.098049,0.771362,0.0
161511600,6806364,1012,45,6.943618,1.711217,0.157612,5.174404,7.043234,21.045642,20.585819,4.158888,0.811768,0.0
161512593,6807357,951,46,6.981845,2.824918,0.19726,4.982259,8.004437,21.758248,20.62811,3.979565,0.897339,1.078125
161513604,6808368,798,46,6.947582,1.029738,0.164439,4.822514,6.016691,18.80196,20.563282,3.853934,0.776001,0.0
161514601,6809365,1872,45,6.928063,1.210238,0.177843,5.017828,6.405909,19.980415,20.542298,4.028502,1.019653,1.148438
161515598,6810362,1090,47,6.983716,2.940156,0.154761,5.396132,8.491049,23.436459,20.645351,4.361167,0.852417,0.984375
161516610,6811374,945,45,6.952434,1.065213,0.126836,4.914888,6.106937,19.043091,20.588185,3.926534,0.855835,0.0
161517600,6812364,992,45,6.925364,1.098331,0.13944,4.96568,6.203452,19.416055,20.545821,3.968791,0.73999,0.0
161518615,6813379,1029,44,6.89345,1.059422,0.160911,4.802419,6.022752,18.894512,20.487435,3.828261,0.771606,0.0
161519591,6814355,804,46,6.862561,1.138981,0.179246,4.720575,6.038801,18.851601,20.428311,3.758582,0.972656,0.0
161520618,6815382,998,46,6.917118,2.768238,0.162074,5.494225,8.424537,23.585755,20.538709,4.445591,0.851196,0.0
161521598,6816362,1381,45,6.937685,2.123215,0.143584,5.211047,7.477847,21.553382,20.57589,4.196212,0.782349,0.953125
161522614,6817378,1095,45,6.925704,1.161721,0.123439,5.310556,6.595717,20.899196,20.587228,4.289197,0.734619,0.0
161523611,6818375,1115,45,6.913912,1.574659,0.132884,4.893205,6.600748,19.54923,20.549601,3.907453,0.75415,0.0
161524610,6819374,940,43,6.878421,1.056556,0.149775,4.711816,5.918147,18.328876,20.470369,3.741046,0.729004,0.0
161525604,6820368,1201,45,6.877326,1.547244,0.141966,5.158481,6.847692,20.696249,20.478404,4.14182,0.887695,0.0
161526618,6821382,1759,47,6.936323,2.939891,0.163252,5.437722,8.540865,23.469307,20.584581,4.397973,0.856567,1.015625
161527599,6822363,1146,48,6.972276,2.534616,0.145267,5.250228,7.930112,22.304042,20.646788,4.234683,0.96228,1.046875
161528605,6823369,1138,45,6.955483,1.351954,0.147626,4.994834,6.494414,19.649971,20.611757,3.998919,0.74707,0.0
161529616,6824380,1133,45,6.929091,1.040449,0.164297,5.016168,6.220914,19.66327,20.57768,4.023103,0.821777,0.0
161530611,6825375,1497,46,6.942324,2.24555,0.19217,4.858217,7.295937,20.621422,20.579257,3.876216,0.856812,1.40625
161531624,6826388,1028,46,6.954037,1.870375,0.188136,5.213445,7.271955,21.410581,20.608799,4.187502,1.234619,0.0
161532609,6827373,1398,42,6.976897,2.070014,0.141291,5.374588,7.585893,22.149067,20.664469,4.345667,0.820312,0.0
161533622,6828386,1134,46,7.027619,2.672671,0.138969,5.60564,8.41728,23.641962,20.769319,4.547491,0.796143,0.0
161534605,6829369,1204,48,7.077631,2.749785,0.162861,5.501443,8.414089,23.400275,20.864221,4.448428,0.757812,0.0
161535616,6830380,1694,46,7.034354,1.09349,0.183044,4.570883,5.847416,17.993784,20.763243,3.622948,0.781006,0.0
161536614,6831378,1076,46,7.045257,1.969941,0.192542,5.174438,7.336922,21.602332,20.793481,4.149604,0.960571,1.40625
161537613,6832377,1753,46,7.061945,2.045105,0.167419,5.299988,7.512512,22.115845,20.840708,4.269104,0.851685,0.0
161538615,6833379,1741,47,7.087546,2.472077,0.1382,5.169232,7.779508,22.266102,20.891564,4.154667,0.866943,0.0
161539610,6834374,1219,49,7.144367,3.166016,0.15271,5.359802,8.678528,23.680054,20.991153,4.317444,0.963257,0.0
161540620,6835384,1323,48,7.200275,3.166489,0.16274,5.383692,8.712921,23.835085,21.092519,4.342547,0.813599,0.0
161541618,6836382,1298,46,7.185951,1.596351,0.193449,5.012989,6.802789,20.506361,21.071396,4.019247,0.841064,0.0
161542614,6837378,1660,46,7.205532,2.126007,0.180473,5.429374,7.735854,22.699696,21.129433,4.376551,0.813721,0.984375
161543612,6838376,1161,46,7.206146,1.762612,0.140191,5.319976,7.222779,21.673976,21.148804,4.291029,0.928223,0.0
161544625,6839389,1397,47,7.247631,2.692335,0.156563,5.521174,8.370073,23.623908,21.237023,4.452145,0.930786,0.0
161545605,6840369,1351,46,7.256464,2.013436,0.14523,5.333339,7.492005,22.037969,21.266,4.29737,1.030151,0.0
161546632,6841396,1516,47,7.293519,3.05518,0.137438,5.121478,8.314096,22.700532,21.316209,4.113583,0.832275,0.953125
161547614,6842378,1602,47,7.306278,2.147998,0.154579,5.338823,7.641399,22.25923,21.350798,4.297754,0.908813,0.0
161548628,6843392,1837,47,7.324869,2.33713,0.133705,5.366054,7.836889,22.592704,21.394353,4.321302,0.860596,0.0
161549612,6844376,2007,48,7.355949,2.582076,0.147592,5.453437,8.183105,23.245598,21.461328,4.403629,0.811646,0.0
161550624,6845388,1614,46,7.369835,2.158662,0.192462,5.399536,7.750659,22.67044,21.503863,4.353325,0.897949,0.0
161551624,6846388,3642,48,7.380898,2.096567,0.163424,5.416251,7.676242,22.474098,21.538896,4.366338,1.126709,0.0
161552620,6847384,1534,48,7.412607,2.65979,0.164246,5.444702,8.268738,23.204213,21.598431,4.387702,0.83667,0.0
161553622,6848386,1415,47,7.405871,1.837115,0.172453,5.213884,7.223453,21.493444,21.594696,4.193655,0.802002,0.0
161554616,6849380,1430,48,7.454592,3.140387,0.200953,5.425977,8.767316,23.980786,21.680084,4.378024,1.003052,0.0
161555632,6850396,1796,48,7.459184,2.086443,0.161347,5.336304,7.584095,22.127025,21.695951,4.287935,0.77002,0.0
161556631,6851395,1534,46,7.466773,1.994775,0.169002,5.504327,7.668104,22.627042,21.729736,4.442063,0.904907,0.0
161557630,6852394,1797,46,7.456715,1.829159,0.163413,5.192025,7.184596,21.349658,21.716175,4.167821,0.826904,0.0
161558626,6853390,1896,47,7.483133,2.639404,0.170044,5.386963,8.196411,23.129269,21.766592,4.346143,0.828979,0.0
161559622,6854386,1481,47,7.484815,1.753229,0.162454,5.614744,7.530427,22.737802,21.80114,4.543013,0.783081,0.0
161600637,6855401,1397,47,7.521537,3.024243,0.185924,5.306995,8.517162,23.313898,21.854951,4.263462,0.805908,0.0
161601624,6856388,1198,47,7.509704,1.837008,0.160676,5.197429,7.195113,21.371505,21.837426,4.177477,0.754761,0.0
161602635,6857399,1817,47,7.516864,2.187733,0.16763,5.357661,7.713024,22.414387,21.857743,4.313275,1.02356,0.0
161603631,6858395,1142,46,7.495227,1.616527,0.155242,5.146434,6.918202,20.736513,21.817219,4.134332,0.81311,0.0
161604632,6859396,1199,48,7.485806,1.934336,0.157132,5.138374,7.229841,21.149664,21.79352,4.118522,0.999023,0.0
161605625,6860389,1498,49,7.524766,3.071798,0.218313,5.284414,8.574526,23.367033,21.849886,4.248363,0.865112,0.0
161606640,6861404,1227,47,7.530706,2.206415,0.162412,5.32326,7.692088,22.269411,21.864764,4.298153,0.826294,0.0
161607618,6862382,1597,46,7.530299,1.97345,0.199101,5.34692,7.519471,22.104889,21.873469,4.307759,0.843018,0.0
161608646,6863410,1231,47,7.550954,2.703377,0.199003,5.218662,8.121042,22.846725,21.907498,4.199331,0.831665,1.234375
161609628,6864392,895,46,7.502568,1.03546,0.142791,5.054815,6.233067,19.590326,21.822425,4.048626,0.775391,0.0
161610641,6865405,1269,53,7.516115,2.397516,0.133791,5.358687,7.889994,22.575152,21.848743,4.311551,1.040405,0.0
161611641,6866405,1225,48,7.532472,2.428177,0.150213,5.388953,7.967343,22.791971,21.882935,4.349131,0.795898,0.0
161612637,6867401,1788,46,7.528186,2.067261,0.155579,5.189636,7.412476,21.633057,21.874011,4.172852,0.802979,0.0
161613632,6868396,1654,46,7.52902,2.008829,0.206331,5.33647,7.55163,22.156252,21.884051,4.29587,0.776367,0.0
161614643,6869407,1098,45,7.483529,1.077123,0.188069,4.984967,6.250159,19.810102,21.810203,4.002364,0.873535,0.0
161615641,6870405,1426,47,7.504854,2.720355,0.139293,5.215061,8.074709,22.447992,21.833186,4.185803,0.807983,0.0
161616636,6871400,1147,47,7.510254,2.127913,0.161884,5.366568,7.656365,22.308594,21.850131,4.326456,0.938232,0.0
161617635,6872399,1513,47,7.515953,2.149726,0.158139,5.362751,7.670616,22.316109,21.86669,4.32454,0.822021,0.0
161618648,6873412,1497,48,7.541864,2.653928,0.186775,5.402223,8.242926,23.119616,21.911393,4.352925,0.954224,0.0
161619630,6874394,1349,46,7.503707,1.242592,0.154121,5.092557,6.48927,20.187528,21.848964,4.092185,0.850952,0.0
161620644,6875408,1498,47,7.513909,2.435807,0.134514,5.224572,7.794893,22.025479,21.855149,4.195934,0.841797,0.0
161621644,6876408,1938,48,7.529906,2.258964,0.165452,5.531665,7.95608,23.035595,21.897898,4.467545,0.814819,0.0
161622648,6877412,1449,47,7.522588,1.811177,0.15774,5.356277,7.325194,21.787537,21.893956,4.312988,0.842407,0.0
161623642,6878406,1608,49,7.559011,3.070744,0.200327,5.268314,8.539384,23.385897,21.9474,4.242734,0.815308,0.0
161624654,6879418,1472,46,7.528607,1.456072,0.228744,5.017753,6.702569,20.016464,21.878782,4.006154,0.763672,0.0
161625633,6880397,1549,48,7.565991,2.974921,0.218991,5.368001,8.561913,23.638741,21.942455,4.323916,0.837036,1.078125
161626646,6881410,2007,48,7.557128,1.813661,0.171759,5.327079,7.312498,21.679088,21.933256,4.293118,0.911011,0.0
161627642,6882406,1568,46,7.552383,2.041876,0.172501,5.211607,7.425984,21.731468,21.925956,4.194254,0.806763,0.0
161628658,6883422,1004,47,7.561462,2.321234,0.170494,5.31563,7.807358,22.214718,21.936248,4.271666,0.832397,0.0
161629640,6884404,898,46,7.518013,1.076706,0.164182,5.123168,6.364056,19.902567,21.862454,4.107558,0.795776,0.0
161630650,6885414,1157,46,7.539083,2.511445,0.198318,5.40841,8.118173,23.176391,21.908536,4.366032,0.759521,0.0
161631648,6886412,1566,47,7.539873,2.195631,0.185285,5.180117,7.561033,21.853008,21.906537,4.162634,0.839478,0.984375
161632662,6887426,1597,47,7.542541,2.117577,0.166043,5.331097,7.614717,22.155823,21.915422,4.29038,1.049438,0.0
161633641,6888405,1468,48,7.564446,2.592489,0.164566,5.390355,8.147411,22.96216,21.953329,4.346257,0.977417,0.0
161634656,6889420,1649,46,7.525917,1.184107,0.167769,5.110619,6.462495,20.106689,21.888763,4.095777,0.765137,0.0
161635652,6890416,1669,46,7.530643,2.535006,0.178711,4.942704,7.656421,21.193946,21.8636,3.954524,1.010986,0.0
161636665,6891429,1340,47,7.535882,2.115885,0.201306,5.360737,7.677929,22.383006,21.882095,4.31158,0.871704,1.015625
161637648,6892412,1308,47,7.550407,2.432429,0.148762,5.356151,7.937342,22.682763,21.911033,4.328128,0.824829,0.0
161638658,6893422,1299,46,7.540849,1.881359,0.15234,5.244744,7.278442,21.565569,21.898893,4.214465,0.763306,0.0
161639656,6894420,1333,46,7.516808,1.54854,0.154763,5.171068,6.874372,20.641788,21.853547,4.153352,0.767944,0.0
161640651,6895415,1225,48,7.550161,2.895684,0.168305,5.388585,8.452574,23.414894,21.909198,4.338873,0.827026,0.0
161641665,6896429,998,46,7.547179,1.954167,0.152894,5.359267,7.466328,22.076447,21.915147,4.323436,0.794678,1.015625
161642649,6897413,1697,46,7.533804,1.837206,0.174119,5.165794,7.177119,21.241861,21.890789,4.141172,0.762329,0.0
161643664,6898428,1297,47,7.559504,2.694594,0.200332,5.369421,8.264346,23.12966,21.934371,4.332381,0.83374,0.0
161644660,6899424,1208,51,7.56906,2.399591,0.199132,5.224923,7.823647,22.304343,21.947756,4.193591,1.010864,0.0
161645664,6900428,1210,47,7.557739,1.760601,0.170691,5.32015,7.251441,21.776402,21.941648,4.293438,0.890259,0.0
161646663,6901427,1535,46,7.560956,2.286387,0.153804,5.207259,7.64745,22.026815,21.944699,4.185563,0.866577,0.0
161647657,6902421,1681,46,7.555043,1.885125,0.143637,5.36645,7.395213,21.963736,21.945378,4.323415,0.900269,0.0
161648656,6903420,1198,47,7.577981,2.648643,0.187956,5.364585,8.201185,23.070982,21.985377,4.319694,0.816895,0.0
161649666,6904430,1525,48,7.61304,2.871096,0.174063,5.515464,8.560624,23.847316,22.051742,4.46315,0.880493,0.921875
161650664,6905428,1670,46,7.597078,1.840612,0.140459,5.189017,7.170088,21.161657,22.019667,4.160241,0.909424,0.953125
161651669,6906433,1510,46,7.587927,1.830138,0.150724,5.35973,7.340593,21.83073,22.012926,4.312907,0.852905,0.0
161652667,6907431,1049,46,7.603194,2.517017,0.156748,5.339513,8.013278,22.654964,22.035994,4.304527,0.862061,1.148438
161653668,6908432,1262,47,7.62287,2.627698,0.150627,5.378018,8.156344,22.877755,22.065906,4.342207,0.801392,0.953125
161654667,6909431,1198,48,7.640994,2.472015,0.190104,5.466693,8.128812,23.131959,22.104094,4.405728,0.826904,1.046875
161655664,6910428,1541,47,7.6623,2.680415,0.160805,5.396937,8.238158,23.089374,22.139247,4.349198,0.866577,1.046875
161656662,6911426,1644,46,7.644025,1.754715,0.210103,5.184254,7.149072,21.364447,22.111659,4.170532,0.782715,0.0
161657675,6912439,1424,48,7.657075,2.617845,0.176499,5.212536,8.006879,22.566841,22.128045,4.189446,0.776367,0.0
161658672,6913436,1796,46,7.648195,1.980204,0.144768,5.284196,7.409169,21.749896,22.114513,4.251446,0.881958,1.015625
161659683,6914447,1448,46,7.671989,2.659005,0.15956,5.4972,8.315765,23.333104,22.157947,4.441378,0.848511,1.015625
161700677,6915441,1564,49,7.76626,4.451578,0.18232,5.651553,10.285451,26.337758,22.308719,4.578663,0.84729,1.289062
161701678,6916442,1172,47,7.75378,2.021583,0.200527,5.192957,7.415066,21.699101,22.287034,4.171554,0.837402,0.0
161702676,6917440,1443,47,7.774393,2.849628,0.168655,5.312071,8.330354,23.070253,22.315034,4.274595,0.783569,0.953125
161703674,6918438,1327,47,7.790561,2.667689,0.180904,5.379411,8.228004,23.038386,22.340816,4.332518,0.886108,1.03125
161704686,6919450,1033,48,7.792845,2.096946,0.191415,5.566235,7.854595,22.979522,22.363604,4.508231,0.855835,1.289062
161705684,6920448,1376,46,7.798385,2.397094,0.214619,5.334569,7.946282,22.489098,22.368131,4.293007,0.850952,1.398438
161706678,6921442,1098,46,7.795257,2.142469,0.18072,5.387423,7.710612,22.267568,22.364543,4.345227,0.851807,0.953125
161707671,6922435,910,45,7.733029,1.031292,0.134253,4.882078,6.047623,18.946391,22.242955,3.899448,0.77002,0.953125
161708681,6923445,985,44,7.670723,1.103006,0.154343,4.715289,5.972638,18.45596,22.108922,3.746525,0.92688,1.078125
161709676,6924440,1028,45,7.634003,1.023109,0.168073,5.462556,6.653738,21.569136,22.089432,4.420637,0.724243,0.0
161710690,6925454,1167,46,7.606936,1.560976,0.181815,5.127998,6.870788,20.81962,22.044354,4.115452,0.881226,0.953125
161711687,6926451,922,46,7.614197,2.357739,0.154454,5.295251,7.807444,22.232627,22.051172,4.275651,0.842041,0.953125
161712684,6927448,1532,45,7.558371,1.223639,0.13895,4.685335,6.047923,18.400967,21.921198,3.726879,0.832031,0.984375
161713680,6928444,1125,44,7.5114,1.01911,0.146435,5.073693,6.239238,19.942151,21.85073,4.07001,0.842651,0.984375
161714694,6929458,1437,45,7.481237,1.242664,0.151514,5.268407,6.662585,20.879237,21.816208,4.237715,0.762085,0.0
161715686,6930450,1133,46,7.483837,1.924201,0.204092,5.424672,7.552965,22.449873,21.839178,4.390743,0.779541,0.0
161716680,6931444,1216,45,7.435317,1.204382,0.149478,4.759079,6.112939,18.762921,21.7303,3.795462,0.852783,0.953125
161717693,6932457,775,46,7.406414,1.574976,0.136824,4.910973,6.622774,19.791858,21.661278,3.917025,0.775024,0.921875
161718684,6933448,1230,45,7.361645,1.078288,0.140544,4.948919,6.16775,19.251792,21.574278,3.954258,0.735229,0.0
161719698,6934462,1237,46,7.322564,1.080242,0.145768,5.029198,6.255209,19.712998,21.508535,4.031842,1.072021,1.078125
161720696,6935460,1497,45,7.308536,1.630811,0.156406,5.148361,6.935578,20.788334,21.482428,4.140178,0.803345,0.0
161721689,6936453,1264,45,7.29433,1.610535,0.157898,5.142334,6.910767,20.657715,21.452974,4.129496,1.266235,0.0
161722701,6937465,1020,45,7.246044,1.01354,0.154188,4.763696,5.931424,18.54178,21.349731,3.788728,0.783325,0.0
161723695,6938459,1350,43,7.201863,1.149827,0.191074,4.681535,6.022437,18.635725,21.251832,3.719579,0.936646,0.0
161724693,6939457,1178,45,7.166113,1.052136,0.185498,4.958202,6.195835,19.686963,21.196168,3.964466,0.721436,0.0
161725707,6940471,1385,45,7.160042,1.671518,0.128988,5.19509,6.995596,21.032678,21.190352,4.186546,0.842651,0.0
161726686,6941450,1446,45,7.15859,1.726964,0.152438,5.240605,7.120007,21.234768,21.191964,4.220197,0.728394,0.0
161727695,6942459,1065,43,7.11476,1.087224,0.133604,4.684183,5.905011,18.305305,21.091137,3.725763,0.827393,0.953125
161728704,6943468,1027,43,7.094498,1.611751,0.140562,4.800747,6.553061,19.383678,21.029547,3.821865,0.736572,0.0
161729701,6944465,1345,45,7.081751,1.372715,0.168135,5.199201,6.740051,20.880745,21.02419,4.1866,0.736694,0.0
161730696,6945460,1880,47,7.150387,3.383074,0.203553,5.424638,9.011265,24.204361,21.137313,4.379947,0.787109,0.0
161731707,6946471,897,45,7.118407,1.297165,0.139701,4.815411,6.252277,18.974159,21.060289,3.842889,0.756226,0.0
161732704,6947468,1123,45,7.076629,1.027445,0.146907,4.785842,5.960195,18.702622,20.975245,3.817235,0.767212,0.0
161733699,6948463,1159,43,7.038787,1.078901,0.168888,4.766074,6.013863,18.787798,20.897434,3.798764,0.755493,0.0
161734712,6949476,1196,43,7.014902,1.042194,0.194381,5.130753,6.367327,20.572647,20.885881,4.130781,0.810669,0.0
161735693,6950457,1597,46,7.02645,2.007761,0.174171,5.152792,7.334723,21.583165,20.911083,4.13664,1.048828,0.0
161736704,6951468,1394,45,7.069191,2.728327,0.14759,5.367989,8.243906,23.117097,20.988451,4.329394,0.822998,0.0
161737704,6952468,1992,46,7.092117,2.258905,0.151469,5.294997,7.705371,22.208941,21.032476,4.259347,0.934326,0.0
161738716,6953480,1697,46,7.097112,1.848877,0.161033,5.221933,7.231843,21.466492,21.047976,4.201111,0.838257,0.0
161739716,6954480,1335,45,7.065522,1.200338,0.181057,4.842564,6.223959,19.23228,20.982287,3.86793,0.789307,0.0
161740715,6955479,1460,46,7.094861,2.501647,0.197646,5.188538,7.887832,22.413757,21.033411,4.161804,0.855469,1.40625
161741715,6956479,1796,46,7.123036,2.377927,0.182556,5.32405,7.884532,22.725382,21.093718,4.293254,0.879639,0.945312
161742717,6957481,1206,45,7.12436,1.824713,0.139631,5.195732,7.160076,21.346208,21.102744,4.177646,0.816406,0.0
161743712,6958476,1475,46,7.148915,2.418602,0.144204,5.248414,7.81122,22.174359,21.141054,4.218255,0.905884,1.046875
161744711,6959475,1542,46,7.173397,2.484266,0.161983,5.192287,7.838535,22.03271,21.17274,4.162598,0.8396,0.0
161745705,6960469,1240,46,7.190115,2.205863,0.170362,5.264816,7.641041,22.116943,21.206462,4.238159,0.779541,0.0
161746720,6961484,1619,47,7.205462,2.381355,0.142784,5.09874,7.622879,21.637731,21.221756,4.080943,0.801147,0.0
161747718,6962482,798,46,7.191856,1.522214,0.140633,5.167623,6.830471,20.607617,21.19945,4.148769,0.913452,1.046875
161748719,6963483,1292,46,7.194014,1.944065,0.157087,5.151318,7.25247,21.310697,21.203411,4.133862,0.867676,1.148438
161749717,6964481,1342,48,7.264927,3.537844,0.181642,5.458104,9.17759,24.531621,21.322394,4.404592,0.866821,1.234375
161750712,6965476,1126,47,7.259202,1.837979,0.205595,5.060403,7.103977,21.010985,21.311317,4.052526,1.046387,0.0
161751732,6966496,1526,45,7.264499,1.944003,0.156169,5.307793,7.407966,21.844213,21.330273,4.277302,0.802124,0.0
161752714,6967478,1581,46,7.279766,2.234784,0.136192,5.312632,7.683608,22.181014,21.361264,4.281138,0.901367,0.984375
161753724,6968488,1329,46,7.271754,1.689736,0.152495,5.20907,7.051301,21.095439,21.351932,4.177276,0.742188,0.0
161754725,6969489,1673,48,7.32232,2.784086,0.169435,5.721456,8.674977,24.588639,21.468569,4.637523,0.757324,0.0
161755726,6970490,1221,47,7.329607,1.506855,0.147862,5.871246,7.525964,23.49134,21.540883,4.782671,0.786377,0.0
161756708,6971472,1479,46,7.337317,2.018245,0.149265,5.37774,7.54525,22.160945,21.56305,4.331665,0.851074,0.0
161757723,6972487,1414,46,7.35459,2.430529,0.146248,5.253063,7.829841,22.283923,21.588332,4.2251,0.799683,0.0
161758719,6973483,1406,46,7.35726,2.090349,0.137043,5.200857,7.428249,21.70326,21.592498,4.185508,0.767212,0.953125
161759713,6974477,1044,48,7.387071,2.703379,0.13114,5.360799,8.195318,22.93924,21.640452,4.315192,0.873413,1.015625
161800727,6975491,1221,47,7.436391,3.342797,0.148439,5.286517,8.777753,23.739846,21.714831,4.260463,0.816772,0.0
161801724,6976488,1004,48,7.467742,2.666364,0.163863,5.471035,8.301262,23.302514,21.772441,4.411172,0.759644,0.0
161802721,6977485,1497,46,7.464097,1.967587,0.139658,5.258032,7.365277,21.635186,21.767558,4.226685,0.775879,0.0
161803726,6978490,1093,46,7.455469,1.751935,0.13209,5.338224,7.222249,21.63837,21.762954,4.305608,0.788818,0.953125
161804723,6979487,898,47,7.482542,2.587648,0.130573,5.491524,8.209745,23.241155,21.816011,4.437408,0.855469,0.0
161805719,6980483,899,47,7.477179,2.09148,0.151823,5.08863,7.331932,21.197442,21.793985,4.073638,0.785034,0.0
161806730,6981494,1737,46,7.466897,1.743063,0.135456,5.309015,7.187534,21.513144,21.784005,4.275224,0.826416,0.953125
161807727,6982491,1638,46,7.464321,2.008431,0.155,5.232197,7.395627,21.665912,21.779737,4.208229,0.750732,0.0
161808734,6983498,943,45,7.424484,1.27013,0.146998,4.930651,6.347778,19.646226,21.703693,3.95432,0.728882,0.0
161809730,6984494,1659,45,7.381814,1.177887,0.149278,4.908502,6.235667,19.512788,21.625055,3.928296,0.918335,1.148438
161810722,6985486,1310,49,7.433095,3.551399,0.171377,5.103558,8.826334,23.20914,21.68129,4.105873,1.120728,0.0
161811736,6986500,1037,47,7.475497,2.904721,0.168935,5.552666,8.626323,23.951274,21.762036,4.473889,0.786987,0.984375
161812736,6987500,1026,46,7.437461,1.325843,0.133639,4.964695,6.424176,19.69982,21.687502,3.972351,0.881348,1.015625
161813736,6988500,1057,45,7.381821,1.055054,0.152161,4.672302,5.879517,18.176648,21.561989,3.707474,0.790039,1.109375
161814734,6989498,699,45,7.333499,1.029122,0.172069,4.828972,6.030164,18.908521,21.467127,3.858555,1.197754,1.179688
161815730,6990494,1746,0,7.590009,8.1083,0.443485,5.992843,14.544629,33.029957,21.878021,4.871637,0.790405,1.101562
161816738,6991502,1686,49,7.665804,3.904042,0.356335,5.462554,9.722931,25.163827,21.994902,4.360153,0.750854,0.0
161817731,6992495,1443,47,7.674406,2.260781,0.30814,5.335586,7.904506,22.309803,22.006238,4.272764,0.869141,0.0
161818738,6993502,1183,47,7.693287,2.437968,0.379843,5.388471,8.206281,22.877438,22.037166,4.303408,0.937988,0.0
161819737,6994501,1859,50,7.763329,3.674595,0.281598,5.684634,9.640827,25.640463,22.166756,4.581092,0.845337,0.953125
161820737,6995501,1397,48,7.753903,2.436274,0.202901,4.859963,7.499137,20.656372,22.112813,3.857056,0.817017,0.945312
161821738,6996502,1678,47,7.735998,1.898138,0.164593,5.189332,7.252064,21.336339,22.08511,4.169269,0.802002,1.015625
161822734,6997498,1478,51,7.837152,4.809095,0.253287,5.503103,10.565484,26.601013,22.246392,4.428711,0.980347,1.015625
161823728,6998492,2091,55,7.9892,6.245767,0.342349,5.527761,12.115877,28.604347,22.472554,4.432586,0.747314,1.09375
161824742,6999506,1202,47,7.952916,1.682905,0.17729,5.109996,6.97019,20.60917,22.406271,4.115583,0.775024,0.0
161825741,7000505,1353,49,7.977624,2.989878,0.160187,5.486469,8.636535,23.789839,22.456277,4.432769,1.050903,0.0
161826738,7001502,1198,46,7.952423,1.802214,0.202556,5.267925,7.272696,21.404194,22.418665,4.23862,0.751465,0.0
161827748,7002512,1583,47,7.914857,1.730126,0.226431,4.939803,6.89636,20.130766,22.337199,3.944206,0.81604,1.234375
161828746,7003510,1144,46,7.851728,1.152846,0.159923,4.853714,6.166483,18.885003,22.212673,3.873436,0.770142,0.0
161829740,7004504,830,46,7.790938,0.978214,0.156196,5.011794,6.146204,19.30165,22.108812,4.019767,0.837036,0.0
161830754,7005518,1571,46,7.794112,2.448167,0.172718,5.259534,7.880419,22.209167,22.112368,4.234499,0.834717,0.0
161831735,7006499,1097,47,7.800641,2.625475,0.17817,5.170773,7.974418,22.13024,22.113015,4.153099,0.765015,1.015625
161832746,7007510,1512,46,7.785894,1.920523,0.146459,5.312734,7.379717,21.714952,22.099069,4.288264,0.945557,1.015625
161833740,7008504,1048,47,7.789883,2.20384,0.158076,5.534357,7.896273,22.996443,22.131502,4.469244,0.731079,0.0
161834752,7009516,967,45,7.757148,0.976808,0.1505,5.740436,6.867745,22.520684,22.145332,4.690558,0.754395,0.984375
161835748,7010512,1510,46,7.746774,2.173758,0.17948,5.116317,7.469555,21.454462,22.120411,4.107062,0.862061,1.234375
161836745,7011509,1742,47,7.756643,2.471617,0.19671,5.355896,8.024223,22.731455,22.142125,4.322098,0.779175,0.0
161837754,7012518,1638,46,7.735022,1.627767,0.16329,5.358985,7.150042,21.603999,22.122945,4.326333,0.751831,0.0
161838750,7013514,1447,46,7.710749,1.668577,0.176331,5.21654,7.061447,21.222329,22.090491,4.200609,0.742065,0.0
161839746,7014510,1792,46,7.652347,1.115931,0.204146,4.747186,6.067263,18.773948,21.972516,3.782892,0.889038,1.34375
161840761,7015525,798,45,7.614245,1.54759,0.206101,4.829667,6.583357,19.590634,21.887619,3.852064,0.727051,0.0
161841739,7016503,1354,46,7.605733,2.249281,0.191765,4.938376,7.379421,20.929822,21.852933,3.953983,0.733032,0.0
161842768,7017532,1331,45,7.591105,1.761898,0.148496,5.276136,7.18653,21.377423,21.836342,4.245036,0.795898,0.0
161843748,7018512,1297,46,7.581055,1.948202,0.167624,5.201809,7.317635,21.418357,21.820981,4.180138,0.770508,0.0
161844759,7019523,1131,45,7.537698,1.157546,0.17649,5.005694,6.33973,19.82377,21.75115,4.022329,0.844116,0.0
161845755,7020519,2128,46,7.549346,2.456228,0.211123,5.192326,7.859677,22.095812,21.763607,4.175721,0.816162,0.0
161846752,7021516,1237,46,7.549466,2.126477,0.18881,5.23743,7.552717,21.918614,21.769115,4.218235,0.860962,0.0
161847748,7022512,1619,46,7.537064,1.683823,0.177596,5.33975,7.201169,21.567182,21.761917,4.300288,0.871338,1.148438
161848760,7023524,1029,45,7.489382,1.167435,0.185858,4.845996,6.199288,19.121941,21.667915,3.871146,0.733887,0.0
161849752,7024516,927,44,7.436839,0.94005,0.215159,4.881848,6.037058,19.264093,21.580949,3.919941,0.736084,0.0
161850765,7025529,1758,46,7.439026,2.365698,0.2135,4.919495,7.498693,21.055466,21.56235,3.92368,0.851074,1.40625
161851749,7026513,1156,46,7.455736,2.448027,0.176484,5.275929,7.900441,22.366523,21.591444,4.247421,0.743408,0.0
161852762,7027526,1074,46,7.444366,1.657655,0.150628,5.322938,7.131221,21.453017,21.586594,4.29675,0.768433,1.015625
161853763,7028527,869,45,7.427518,1.543,0.150425,5.28663,6.980055,21.247684,21.574297,4.255537,0.730103,0.0
161854757,7029521,1425,46,7.395731,1.402039,0.160278,4.975159,6.537476,19.800781,21.510957,3.980103,0.75769,0.0
161855760,7030524,1198,46,7.423244,2.649871,0.194465,5.326392,8.170728,22.847269,21.558444,4.290022,0.823364,0.0
161856755,7031519,1042,45,7.396886,1.379516,0.166404,5.142986,6.688907,20.438753,21.518295,4.13422,0.819092,0.0
161857766,7032530,799,44,7.337095,0.955869,0.208834,4.547917,5.71262,17.739147,21.384,3.603037,0.977905,0.0
161858761,7033525,1404,43,7.283048,1.155982,0.234713,4.448073,5.838768,17.594925,21.247323,3.518647,0.943726,0.0
161859760,7034524,1030,45,7.252318,1.260615,0.217921,4.938874,6.417411,19.936184,21.200824,3.960647,0.802856,0.0
161900755,7035519,1264,46,7.249033,1.65332,0.151489,5.35553,7.160339,21.58075,21.214393,4.328979,0.757446,0.0
161901777,7036541,1098,46,7.276577,2.567889,0.161964,5.293513,8.023365,22.601024,21.263717,4.258979,0.909912,0.0
161902755,7037519,898,45,7.258582,1.604753,0.162223,5.016577,6.783553,20.119467,21.221911,4.010183,0.846436,0.0
161903769,7038533,1352,43,7.214276,0.990119,0.17211,4.8279,5.990129,18.830501,21.138468,3.865581,0.906982,0.0
161904767,7039531,948,45,7.183283,1.003013,0.185998,5.168587,6.357598,20.355225,21.110103,4.157313,0.84375,0.0
161905765,7040529,1427,46,7.208018,2.395599,0.205856,5.27581,7.877266,22.334766,21.15371,4.264319,0.770264,0.0
161906757,7041521,1555,47,7.251698,2.735574,0.171914,5.526006,8.433493,23.406249,21.233997,4.474403,0.762085,0.0
161907770,7042534,1062,46,7.254372,1.686427,0.177082,5.463599,7.327108,21.84727,21.255768,4.417251,0.834473,0.0
161908764,7043528,913,44,7.2074,0.974634,0.175273,4.806112,5.956019,18.495641,21.155911,3.839732,0.874756,0.0
161909776,7044540,898,43,7.164726,1.036984,0.19016,4.77939,6.006534,18.546345,21.063178,3.80522,0.780151,0.0
161910772,7045536,1098,46,7.177542,2.162518,0.223232,5.134265,7.520015,21.668751,21.085,4.134058,0.78772,0.0
161911770,7046534,898,47,7.194584,2.056156,0.181942,5.418538,7.656637,22.25965,21.126826,4.385226,0.755249,0.0
161912769,7047533,1597,45,7.197888,1.7289,0.147011,5.411477,7.287389,21.660127,21.145796,4.377557,0.823608,0.0
161913776,7048540,1169,47,7.228052,2.493469,0.154297,5.394714,8.04248,22.554167,21.196146,4.355508,0.848022,0.0
161914774,7049538,898,45,7.203733,1.156825,0.168648,5.227026,6.552499,20.614019,21.175189,4.217844,0.800049,0.0
161915767,7050531,1181,48,7.237346,2.644489,0.189969,5.313276,8.147734,22.754409,21.231364,4.294767,0.885376,0.0
161916780,7051544,824,46,7.247258,1.833324,0.164887,5.518069,7.51628,22.236365,21.267078,4.468803,0.838745,0.0
161917773,7052537,1247,46,7.256722,1.77817,0.155878,5.575329,7.509377,22.183565,21.300202,4.510746,0.901978,0.0
161918785,7053549,798,45,7.228121,1.174589,0.187956,5.088514,6.45106,20.009768,21.254392,4.095127,0.731079,0.0
161919764,7054528,1105,45,7.183569,0.965103,0.212718,4.817616,5.995438,18.882299,21.168658,3.852452,1.118408,1.34375
161920793,7055557,1236,46,7.199008,2.3267,0.210378,5.08851,7.625588,21.602759,21.183805,4.084612,0.778076,0.0
161921776,7056540,1174,46,7.209399,1.917274,0.156736,5.407478,7.481488,21.970227,21.212734,4.370212,0.812988,0.0
161922785,7057549,998,47,7.216726,1.90755,0.153426,5.357123,7.4181,21.740437,21.23126,4.325867,0.728149,0.0
161923778,7058542,799,43,7.17207,1.001037,0.174041,4.802436,5.977513,18.622491,21.137158,3.844731,0.856323,1.34375
161924791,7059555,868,45,7.127544,0.982648,0.227299,4.707885,5.917831,18.417573,21.040613,3.755504,0.730835,0.0
161925793,7060557,1134,45,7.141227,2.089745,0.15449,5.262245,7.506479,21.7881,21.067576,4.2462,0.781494,0.0
161926771,7061535,1170,46,7.173288,2.492279,0.151036,5.39294,8.036255,22.601629,21.122528,4.356643,0.853027,0.0
161927792,7062556,1770,45,7.168833,1.574157,0.157466,5.313873,7.045496,21.091738,21.121453,4.281582,0.815552,0.0
161928790,7063554,799,46,7.156774,1.4503,0.146687,5.242109,6.839097,20.710945,21.10644,4.227221,0.938354,0.0
161929787,7064551,1127,45,7.136679,1.162668,0.154333,5.275409,6.592409,20.699436,21.091963,4.263584,0.790649,0.0
161930785,7065549,1871,48,7.17724,2.714746,0.175438,5.387901,8.278085,22.971609,21.158757,4.346255,1.004395,1.109375
161931798,7066562,1364,46,7.214967,2.541604,0.154451,5.53862,8.234675,23.267591,21.233997,4.496073,0.80188,1.015625
161932782,7067546,759,46,7.214184,1.82907,0.190321,5.173977,7.193369,21.070646,21.22807,4.165484,1.044067,0.0
161933795,7068559,839,46,7.168707,1.003075,0.180808,4.734912,5.918796,18.460524,21.131008,3.777474,0.735962,0.0
161934788,7069552,1053,45,7.138153,1.072604,0.137133,5.114421,6.324158,19.964341,21.0888,4.109721,0.731323,0.0
161935797,7070561,1232,46,7.155901,2.270299,0.157818,5.211,7.639116,21.845607,21.115639,4.188599,0.873169,0.0
161936790,7071554,1210,47,7.177535,2.219345,0.157699,5.3792,7.756244,22.515554,21.166036,4.340029,0.812134,0.0
161937786,7072550,799,45,7.152323,1.244258,0.149429,5.074383,6.46807,19.921814,21.121822,4.071628,0.749512,0.0
161938802,7073566,1178,44,7.106814,0.951903,0.162985,4.756755,5.871643,18.423048,21.025919,3.795724,0.80127,1.078125
161939798,7074562,998,43,7.067736,0.99891,0.1789,4.852055,6.029865,19.019863,20.953056,3.877683,0.884399,1.234375
161940795,7075559,1016,45,7.057986,1.483718,0.203634,5.106014,6.793366,20.720239,20.944783,4.102667,0.961914,0.0
161941787,7076551,1207,47,7.128179,3.522224,0.206797,5.29831,9.027332,23.982837,21.052959,4.270257,0.757324,0.0
161942800,7077564,1198,46,7.130727,1.7096,0.174984,5.315594,7.200178,21.555624,21.070768,4.277814,0.809937,1.148438
161943793,7078557,1697,45,7.128158,1.703255,0.18588,5.170578,7.059713,21.103629,21.071956,4.162875,0.849731,1.289062
161944810,7079574,1198,46,7.159896,2.420815,0.211502,5.390763,8.023081,22.810078,21.133659,4.345224,1.224731,0.0
161945795,7080559,1899,46,7.185054,2.479253,0.213863,5.160114,7.85323,22.156843,21.170786,4.138796,0.858032,0.0
161946805,7081569,1212,46,7.195634,1.912311,0.157133,5.415742,7.485186,22.145177,21.205099,4.37918,0.890991,0.0
161947804,7082568,1085,46,7.185012,1.595703,0.190621,5.113982,6.900306,20.633035,21.184525,4.098741,0.826416,0.0
161948802,7083566,1969,45,7.197201,2.060486,0.160583,5.305237,7.526306,21.940828,21.211563,4.2677,0.869629,0.921875
161949801,7084565,1016,46,7.247967,3.15831,0.135878,5.325883,8.62007,23.502506,21.2933,4.301237,0.85498,0.921875
161950796,7085560,1258,47,7.249275,2.114214,0.139378,5.031058,7.28465,20.943997,21.280862,4.033157,0.982666,0.921875
161951811,7086575,1506,46,7.250581,1.809506,0.172943,5.303508,7.285957,21.536166,21.289953,4.275093,0.828003,0.0
161952807,7087571,1724,46,7.247815,1.703923,0.16515,5.305058,7.174131,21.445754,21.29559,4.269027,0.846924,0.0
161953802,7088566,1341,46,7.273733,2.430754,0.179738,5.365217,7.975709,22.583987,21.341466,4.32664,1.25293,0.0
161954819,7089583,908,46,7.313118,2.861353,0.20752,5.313187,8.382059,23.074169,21.403101,4.277547,0.830933,1.398438
161955800,7090564,1297,46,7.327741,2.155795,0.187607,5.372294,7.715696,22.406931,21.439525,4.331996,0.947021,1.015625
161956812,7091576,798,46,7.375255,3.485288,0.155481,5.043146,8.683915,22.712288,21.484163,4.043875,1.040527,0.0
161957809,7092573,1154,52,7.412734,3.034854,0.175499,5.2029,8.413253,22.906071,21.535453,4.183567,1.032959,0.0
161958802,7093566,1131,48,7.488792,4.220355,0.152955,5.17331,9.54662,24.187212,21.630064,4.155034,0.737793,0.0
161959821,7094585,970,46,7.475691,1.580344,0.135518,5.403883,7.119745,21.606691,21.629235,4.365827,0.870972,0.921875
162000807,7095571,1645,50,7.607927,5.504556,0.143834,5.464445,11.112835,27.024724,21.8254,4.413717,0.832031,0.953125
162001802,7096566,1280,47,7.593615,1.818811,0.143838,5.239253,7.201901,21.22479,21.804207,4.210561,0.824707,0.0
162002814,7097578,807,46,7.552475,1.448421,0.14885,4.839794,6.437064,19.210371,21.712033,3.858403,0.857544,1.046875
162003811,7098575,794,45,7.490034,0.950543,0.160647,4.711962,5.823152,18.158803,21.583609,3.746425,0.736328,0.0
162004810,7099574,1183,45,7.442318,1.124248,0.18047,4.8439,6.148618,19.092667,21.495003,3.867214,0.970947,0.0
162005825,7100589,1353,46,7.463335,2.650783,0.208277,5.172348,8.031408,22.415314,21.527805,4.158953,0.885864,0.0
162006807,7101571,1997,47,7.489513,2.619094,0.178471,5.38861,8.186175,22.947293,21.579211,4.35041,0.748047,0.0
162007816,7102580,1212,54,7.578409,4.557354,0.309967,5.159493,10.026813,24.983786,21.698493,4.13577,1.042847,1.109375
162008815,7103579,1898,52,7.681928,4.524397,0.39135,5.532505,10.448252,26.480435,21.870984,4.427526,0.8125,0.96875
162009815,7104579,1665,51,7.726122,3.653792,0.209587,5.058457,8.921835,23.652224,21.934473,4.024895,0.899902,1.101562
162010810,7105574,1365,51,7.926296,8.003281,0.169765,5.14675,13.319796,29.1265,22.191845,4.104827,1.000854,0.0
162011818,7106582,1330,48,7.849656,1.034156,0.050832,4.680284,5.765271,18.547004,22.062583,3.72966,1.197021,0.0
162012809,7107573,1653,46,7.777643,1.288983,0.035076,4.531151,5.855209,18.326002,21.927666,3.600712,1.097412,0.0
162013817,7108581,2073,47,7.734097,1.721438,0.106966,4.717648,6.546051,19.353138,21.836638,3.728816,1.200195,0.0
162014808,7109572,1661,46,7.698962,1.461146,0.07843,5.217566,6.757143,21.188524,21.813306,4.182906,1.098022,0.0
162015818,7110582,1890,45,7.623154,1.105585,0.049899,4.40376,5.559244,17.666321,21.666532,3.492307,0.807251,1.101562
162016813,7111577,798,43,7.547897,1.112866,0.035222,4.390777,5.538865,17.302502,21.508803,3.466761,1.083374,0.0
162017823,7112587,1514,45,7.473084,1.078185,0.050842,4.313591,5.442618,16.942598,21.346703,3.405872,0.88623,0.0
