Date,Time,Relative Time(mS),CPU0-Frequency(MHz),CPU0-DTS(Degree C),Power-EWMA Power(Watts),Power-IA Power(Watts),Power-GT Power(Watts),Power-Rest of Package Power(Watts),Power-Package Power(Watts),Power-MSR Psys Power(Watts),Power-Psys EWMA Power(Watts),Power-SA Power(Watts),Voltage-IA Target voltage(Volts),Voltage-GT Target Voltage(Volts)
16/08/2022,16:05:12:156,6206920,844,43,5.088224,2.500212,0.065304,4.562410,7.127925,19.774562,15.403377,3.598589,0.852905,0.000000
16/08/2022,16:05:13:155,6207919,2140,51,5.399747,8.121472,0.354823,5.222633,13.698928,30.002304,15.931546,4.167442,1.024902,1.406250
16/08/2022,16:05:14:168,6208932,2071,50,5.653001,6.409963,0.542777,5.481841,12.434581,29.049222,16.403782,4.396408,0.889893,1.109375
16/08/2022,16:05:15:162,6209926,699,44,5.680924,1.021354,0.145224,5.262843,6.429420,20.259676,16.542594,4.241277,0.734375,0.000000
16/08/2022,16:05:16:155,6210919,749,43,5.707152,1.109010,0.146877,5.163857,6.419744,20.138224,16.670239,4.161075,1.108887,0.945312
16/08/2022,16:05:17:165,6211929,1272,42,5.748987,1.647273,0.150836,5.088660,6.886769,20.485724,16.805416,4.080926,0.797974,1.046875
16/08/2022,16:05:18:166,6212930,1076,43,5.799109,1.893842,0.152648,5.092024,7.138515,20.862119,16.951747,4.083252,0.844971,0.000000
16/08/2022,16:05:19:166,6213930,975,45,5.918669,3.324983,0.154082,5.664380,9.143444,24.797834,17.232245,4.603490,0.765625,0.000000
16/08/2022,16:05:20:163,6214927,1297,45,5.975274,1.900827,0.148953,5.455407,7.505186,22.103036,17.406028,4.421108,0.748047,0.000000
16/08/2022,16:05:21:170,6215934,812,43,6.000985,1.563307,0.150325,4.982988,6.696621,19.883898,17.494435,3.992518,0.844116,0.000000
16/08/2022,16:05:22:168,6216932,1143,43,6.024881,1.100269,0.151588,5.413582,6.665439,21.335488,17.632438,4.390770,0.866699,0.000000
16/08/2022,16:05:23:169,6217933,1497,45,6.094474,2.212983,0.173626,5.590771,7.977381,23.603420,17.845261,4.538557,0.755005,0.000000
16/08/2022,16:05:24:163,6218927,1297,45,6.162347,2.335632,0.191895,5.467407,7.994934,22.840088,18.023648,4.429016,0.850952,0.000000
16/08/2022,16:05:25:175,6219939,1703,45,6.205658,1.951957,0.146288,5.285349,7.383594,21.561314,18.149235,4.264847,0.792114,0.000000
16/08/2022,16:05:26:175,6220939,775,43,6.199162,0.992919,0.145643,4.887727,6.026289,18.803162,18.172916,3.904203,0.833496,0.984375
16/08/2022,16:05:27:166,6221930,1223,43,6.201781,1.017905,0.138827,5.115837,6.272569,19.823351,18.231802,4.113794,0.781006,1.046875
16/08/2022,16:05:28:180,6222944,1797,42,6.197061,1.101835,0.155760,4.810814,6.068410,18.761652,18.250536,3.841577,0.838013,0.000000
16/08/2022,16:05:29:162,6223926,1044,45,6.259672,2.494541,0.182683,5.252160,7.929384,22.350568,18.398722,4.238023,0.913086,0.000000
16/08/2022,16:05:30:174,6224938,1657,45,6.306221,1.991086,0.165428,5.427725,7.584238,22.171579,18.531311,4.400610,0.837280,0.000000
16/08/2022,16:05:31:169,6225933,699,43,6.299346,1.105207,0.152950,4.857844,6.116000,18.850705,18.542867,3.879799,0.789917,1.109375
16/08/2022,16:05:32:182,6226946,1099,42,6.287022,0.995008,0.171891,4.785990,5.952889,18.550516,18.543138,3.819819,0.737305,0.000000
16/08/2022,16:05:33:162,6227926,1199,45,6.330591,2.158765,0.201904,5.130628,7.491297,21.442500,18.648033,4.131954,0.751587,0.000000
16/08/2022,16:05:34:173,6228937,799,42,6.338637,1.410341,0.178564,4.971348,6.560253,19.875934,18.691054,3.985372,0.728149,0.000000
16/08/2022,16:05:35:186,6229950,898,42,6.324257,1.021704,0.149748,4.768538,5.939990,18.471436,18.683124,3.803095,0.783325,1.085938
16/08/2022,16:05:36:164,6230928,1016,42,6.300118,0.969580,0.161677,4.526413,5.657670,17.507218,18.640539,3.580428,0.772217,0.000000
16/08/2022,16:05:37:196,6231960,895,43,6.283986,0.903295,0.179798,4.755188,5.838281,18.568431,18.638023,3.809356,0.826294,0.000000
16/08/2022,16:05:38:165,6232929,1260,40,6.295514,1.370150,0.211312,5.015905,6.597367,20.364410,18.701529,4.023644,0.823242,0.000000
16/08/2022,16:05:39:194,6233958,799,43,6.333364,2.171431,0.189643,5.025877,7.386951,21.348490,18.793417,4.036178,0.770996,0.000000
16/08/2022,16:05:40:174,6234938,1161,43,6.310222,1.058675,0.159534,4.484837,5.703047,17.409164,18.742644,3.550915,0.875854,0.000000
16/08/2022,16:05:41:183,6235947,799,42,6.291663,0.932655,0.167037,4.680275,5.779967,18.143245,18.721644,3.721776,0.808594,1.234375
16/08/2022,16:05:42:177,6236941,833,42,6.279915,0.929970,0.196642,4.839363,5.965975,19.113078,18.735750,3.885804,0.725952,0.000000
16/08/2022,16:05:43:191,6237955,1693,42,6.274609,1.242915,0.199779,4.687463,6.130157,18.701246,18.734527,3.722222,0.864014,0.000000
16/08/2022,16:05:44:169,6238933,1075,43,6.291829,1.504892,0.146845,5.097909,6.749646,20.348580,18.793037,4.086289,0.925049,0.921875
16/08/2022,16:05:45:196,6239960,798,42,6.275214,0.942522,0.135973,4.738111,5.816607,18.207741,18.772572,3.774766,0.840332,0.000000
16/08/2022,16:05:46:174,6240938,1191,42,6.259996,0.981322,0.149078,4.729511,5.859910,18.292658,18.754970,3.751968,0.745850,0.000000
16/08/2022,16:05:47:186,6241950,1020,41,6.255175,1.078288,0.168190,4.875511,6.121988,19.194526,18.770307,3.916433,0.808838,1.148438
16/08/2022,16:05:48:180,6242944,1298,44,6.309215,2.435852,0.195965,5.120010,7.751827,21.925265,18.884223,4.105475,0.824585,0.000000
16/08/2022,16:05:49:187,6243951,725,43,6.294115,0.982942,0.152557,4.748781,5.884280,18.423907,18.867866,3.779951,0.771973,0.000000
16/08/2022,16:05:50:182,6244946,1307,42,6.275659,0.954825,0.144656,4.681966,5.781446,18.094078,18.840009,3.733206,0.860474,0.000000
16/08/2022,16:05:51:191,6245955,946,42,6.257450,1.026617,0.162311,4.574324,5.763252,17.784295,18.802494,3.624238,1.329956,0.000000
16/08/2022,16:05:52:190,6246954,1097,42,6.252134,0.948560,0.194925,4.966152,6.109637,19.556949,18.829627,3.987772,0.842041,0.000000
16/08/2022,16:05:53:186,6247950,1212,45,6.274243,1.481034,0.195997,5.194770,6.871801,21.266933,18.916587,4.185338,0.851074,1.406250
16/08/2022,16:05:54:197,6248961,898,42,6.284652,1.407665,0.149864,5.009046,6.566575,20.065889,18.957551,4.012465,0.784424,0.000000
16/08/2022,16:05:55:194,6249958,976,43,6.261955,0.961590,0.135775,4.558680,5.656045,17.517271,18.905598,3.611287,0.731201,0.000000
16/08/2022,16:05:56:187,6250951,1078,41,6.249809,0.959727,0.147109,4.814003,5.920839,18.663045,18.896962,3.843929,0.747070,0.000000
16/08/2022,16:05:57:198,6251962,998,42,6.236727,0.917494,0.168538,4.794917,5.880949,18.669751,18.888904,3.829925,0.731934,0.000000
16/08/2022,16:05:58:193,6252957,1398,43,6.260429,1.879774,0.198198,4.815197,6.893169,19.926379,18.926364,3.843825,0.782715,0.000000
16/08/2022,16:05:59:187,6253951,799,42,6.255961,1.338295,0.164028,4.632354,6.134677,18.330279,18.905160,3.667502,0.780029,0.984375
16/08/2022,16:06:00:199,6254963,1443,43,6.287313,1.896269,0.143337,5.100400,7.140007,21.115211,18.983459,4.104245,0.759277,0.000000
16/08/2022,16:06:01:193,6255957,1020,43,6.278941,0.999639,0.159065,4.897213,6.055917,19.147144,18.989381,3.919144,0.731689,0.000000
16/08/2022,16:06:02:203,6256967,1594,42,6.263913,1.018175,0.164912,4.672109,5.855195,18.211588,18.961797,3.719272,0.833374,0.000000
16/08/2022,16:06:03:196,6257960,1077,42,6.266902,1.381713,0.145253,4.819725,6.346690,19.130567,18.967891,3.830062,0.762573,0.000000
16/08/2022,16:06:04:207,6258971,819,43,6.259490,0.930832,0.132519,4.994557,6.057908,19.416671,18.983823,4.009531,0.740967,0.000000
16/08/2022,16:06:05:187,6259951,799,42,6.246067,1.022369,0.146484,4.718501,5.887354,18.395210,18.962591,3.767199,0.734497,0.000000
16/08/2022,16:06:06:212,6260976,798,42,6.227946,0.952484,0.161267,4.615092,5.728843,17.824381,18.922713,3.660616,0.785156,0.000000
16/08/2022,16:06:07:195,6261959,833,42,6.216130,0.954433,0.188578,4.762467,5.905479,18.548733,18.909022,3.801270,0.731445,0.000000
16/08/2022,16:06:08:209,6262973,1080,43,6.231029,1.422703,0.190626,5.027631,6.640961,20.178049,18.953574,4.014102,0.916748,0.000000
16/08/2022,16:06:09:203,6263967,811,42,6.216680,0.958866,0.143439,4.732512,5.834816,18.279336,18.929181,3.779902,0.751343,0.000000
16/08/2022,16:06:10:217,6264981,998,42,6.197657,0.953905,0.138219,4.588689,5.680813,17.590516,18.881611,3.632359,1.009277,0.000000
16/08/2022,16:06:11:193,6265957,866,42,6.190140,1.159067,0.157188,4.674030,5.990285,18.136410,18.854624,3.712080,1.046265,0.000000
16/08/2022,16:06:12:223,6266987,1082,42,6.182060,0.940192,0.184420,4.833484,5.958095,18.835036,18.853941,3.867250,0.816650,0.000000
16/08/2022,16:06:13:204,6267968,1527,43,6.194502,1.361060,0.191833,4.968072,6.520965,19.972152,18.894996,3.979872,0.860107,1.406250
16/08/2022,16:06:14:219,6268983,1596,45,6.257689,2.636507,0.166075,5.193582,7.996165,22.507912,19.021577,4.178451,0.848022,0.000000
16/08/2022,16:06:15:203,6269967,1697,44,6.292728,1.753423,0.135119,5.335735,7.224277,21.628334,19.116072,4.301205,0.802124,0.000000
16/08/2022,16:06:16:217,6270981,1344,43,6.324766,1.720335,0.150417,5.333629,7.204381,21.633241,19.204532,4.304033,0.856567,0.000000
16/08/2022,16:06:17:213,6271977,819,43,6.342030,1.489835,0.168988,5.142178,6.801000,20.761205,19.261017,4.133750,0.846436,0.000000
16/08/2022,16:06:18:210,6272974,879,45,6.349874,1.831055,0.197380,4.534781,6.563215,18.774525,19.243781,3.591414,0.984253,0.000000
16/08/2022,16:06:19:208,6273972,1171,45,6.388594,1.934166,0.183289,5.318743,7.436198,22.120657,19.346321,4.284142,1.092773,0.000000
16/08/2022,16:06:20:220,6274984,1418,43,6.427857,1.996931,0.145043,5.347083,7.489056,22.080017,19.443953,4.315063,0.812012,0.000000
16/08/2022,16:06:21:203,6275967,1198,45,6.465784,2.173985,0.136726,5.166517,7.477229,21.442417,19.516112,4.156609,0.794189,1.046875
16/08/2022,16:06:22:219,6276983,1567,45,6.488503,1.661175,0.160008,5.292397,7.113579,21.380125,19.581552,4.259360,0.787231,0.000000
16/08/2022,16:06:23:218,6277982,898,45,6.589980,3.724465,0.184246,5.370911,9.279622,24.400153,19.756743,4.330378,0.756958,0.000000
16/08/2022,16:06:24:217,6278981,1409,46,6.638448,2.473208,0.172892,5.303698,7.949799,22.585579,19.857470,4.278399,0.736450,0.000000
16/08/2022,16:06:25:213,6279977,1297,45,6.651569,1.682346,0.137283,5.186583,7.006213,20.964233,19.896997,4.163025,0.736084,0.000000
16/08/2022,16:06:26:212,6280976,1444,45,6.688750,2.242490,0.154059,5.300254,7.696803,22.058020,19.973868,4.274361,0.823242,0.000000
16/08/2022,16:06:27:210,6281974,1589,46,6.706910,1.672510,0.181028,5.344211,7.197750,21.540823,20.029718,4.311235,0.807983,0.000000
16/08/2022,16:06:28:219,6282983,1652,47,6.789843,3.170223,0.192392,5.668755,9.031370,24.826035,20.200844,4.592117,0.802979,0.000000
16/08/2022,16:06:29:215,6283979,1577,46,6.834605,2.492995,0.167120,5.373092,8.033207,22.868747,20.296889,4.333859,0.759155,0.000000
16/08/2022,16:06:30:213,6284977,998,45,6.845880,1.617034,0.141354,5.392888,7.151276,21.665583,20.345624,4.361963,0.738159,0.000000
16/08/2022,16:06:31:224,6285988,1557,45,6.872417,1.963471,0.151700,5.475962,7.591133,22.358702,20.417304,4.416937,0.792236,0.000000
16/08/2022,16:06:32:222,6286986,1597,48,6.946343,3.317270,0.172722,5.429835,8.919826,24.124885,20.551174,4.386623,0.751099,0.000000
16/08/2022,16:06:33:217,6287981,1314,46,6.958248,1.902915,0.199435,5.178020,7.280369,21.368604,20.580310,4.165374,0.862915,1.109375
16/08/2022,16:06:34:212,6288976,1297,45,6.970961,1.804459,0.147343,5.364197,7.315999,21.739546,20.621545,4.319953,0.822998,0.000000
16/08/2022,16:06:35:226,6289990,1961,46,6.979281,1.708125,0.155931,5.341037,7.205093,21.599752,20.656272,4.313540,0.973022,0.000000
16/08/2022,16:06:36:222,6290986,1298,46,7.029342,2.819174,0.165048,5.377414,8.361636,23.112300,20.745303,4.330249,0.839355,0.000000
16/08/2022,16:06:37:222,6291986,1392,44,7.000241,1.260842,0.229372,4.721033,6.211246,18.756177,20.674547,3.752314,0.876221,1.406250
16/08/2022,16:06:38:218,6292982,1496,45,7.020890,1.905348,0.213715,5.459928,7.578990,22.550105,20.741397,4.415631,0.894775,0.984375
16/08/2022,16:06:39:232,6293996,1190,46,7.078433,3.001569,0.186415,5.450574,8.638558,23.818173,20.850842,4.405010,0.827026,0.000000
16/08/2022,16:06:40:215,6294979,898,46,7.092548,1.991813,0.173734,5.301889,7.467435,21.893359,20.888671,4.265379,0.755615,0.000000
16/08/2022,16:06:41:224,6295988,812,46,7.113227,2.256686,0.184782,5.240082,7.681551,21.890883,20.923855,4.218573,0.734863,0.000000
16/08/2022,16:06:42:223,6296987,860,45,7.072427,0.964888,0.172762,4.843373,5.981022,18.739243,20.845053,3.860806,0.895996,1.078125
16/08/2022,16:06:43:233,6297997,998,45,7.094995,2.270764,0.194714,5.239492,7.704971,22.081272,20.889116,4.223657,0.908691,1.179688
16/08/2022,16:06:44:229,6298993,1297,46,7.112280,2.252373,0.200103,5.122174,7.574650,21.666815,20.917141,4.114459,0.919556,0.000000
16/08/2022,16:06:45:225,6299989,1540,45,7.124782,1.891048,0.168092,5.404614,7.463754,22.130085,20.960287,4.359847,0.894043,0.000000
16/08/2022,16:06:46:219,6300983,2012,46,7.175671,2.944716,0.174824,5.437282,8.556822,23.618093,21.054829,4.386320,1.026001,0.984375
16/08/2022,16:06:47:232,6301996,1434,46,7.197935,2.011829,0.186357,5.604009,7.802195,22.984157,21.123320,4.545645,0.848755,1.179688
16/08/2022,16:06:48:224,6302988,1284,46,7.244121,2.924682,0.201802,5.349321,8.475805,23.306383,21.202222,4.306296,0.898315,0.000000
16/08/2022,16:06:49:239,6304003,1482,46,7.253908,1.859083,0.168538,5.492488,7.520109,22.333151,21.242330,4.443273,0.972046,1.015625
16/08/2022,16:06:50:220,6304984,1203,46,7.272012,2.101981,0.180397,5.471435,7.753812,22.575785,21.290620,4.415839,1.029419,1.109375
16/08/2022,16:06:51:234,6305998,1597,48,7.311489,2.807431,0.206910,5.383276,8.397617,23.339794,21.362487,4.343503,0.899170,1.078125
16/08/2022,16:06:52:229,6306993,799,45,7.295499,1.598388,0.147722,5.124730,6.870840,20.574134,21.333881,4.112281,0.729614,0.000000
16/08/2022,16:06:53:230,6307994,806,45,7.284771,1.758365,0.144583,5.090639,6.993586,20.580135,21.307096,4.084198,0.821167,0.921875
16/08/2022,16:06:54:233,6308997,1282,47,7.308778,2.406450,0.145517,5.407029,7.958997,22.835107,21.361504,4.365024,1.066528,0.921875
16/08/2022,16:06:55:232,6309996,1907,45,7.312261,1.934340,0.180005,5.291578,7.405923,21.781109,21.376565,4.258493,0.785767,0.000000
16/08/2022,16:06:56:229,6310993,1041,45,7.312272,1.873066,0.195300,5.244206,7.312573,21.521057,21.381726,4.218987,1.322998,0.000000
16/08/2022,16:06:57:239,6312003,1256,45,7.339435,2.562986,0.226921,5.285975,8.075883,22.661184,21.427284,4.256773,0.843628,0.000000
16/08/2022,16:06:58:235,6312999,1717,46,7.385877,2.886963,0.191626,5.548337,8.626927,24.027466,21.520983,4.481975,0.916016,0.921875
16/08/2022,16:06:59:248,6314012,1203,46,7.409028,2.626273,0.151707,5.252910,8.030890,22.609912,21.560068,4.237019,0.780884,0.000000
16/08/2022,16:07:00:242,6315006,1686,45,7.400301,1.654704,0.156148,5.354542,7.165393,21.450088,21.556124,4.305957,0.807251,0.000000
16/08/2022,16:07:01:240,6316004,1397,46,7.404049,1.931717,0.195067,5.379007,7.505791,22.205806,21.579188,4.344672,0.822388,0.000000
16/08/2022,16:07:02:251,6317015,899,49,7.474562,3.705470,0.204266,5.472615,9.382351,24.786933,21.693636,4.410538,0.946045,1.046875
16/08/2022,16:07:03:252,6318016,1558,46,7.478943,2.055635,0.155395,5.384858,7.595889,22.150751,21.710141,4.340982,0.780762,0.000000
16/08/2022,16:07:04:254,6319018,1988,47,7.516842,2.778350,0.157740,5.602979,8.539068,23.957031,21.790387,4.551453,0.832520,0.000000
16/08/2022,16:07:05:235,6319999,1836,46,7.517060,1.904041,0.176825,5.442068,7.522934,22.107531,21.801725,4.386430,0.915161,1.109375
16/08/2022,16:07:06:245,6321009,2055,46,7.524414,2.089630,0.192625,5.444697,7.726951,22.399902,21.822682,4.411534,0.948242,0.000000
16/08/2022,16:07:07:260,6322024,1591,46,7.536310,2.378863,0.153794,5.320915,7.853572,22.169694,21.835224,4.297309,0.848022,0.000000
16/08/2022,16:07:08:240,6323004,1627,48,7.567906,2.590503,0.157042,5.661221,8.408767,23.599198,21.899168,4.592610,0.907349,0.984375
16/08/2022,16:07:09:251,6324015,1125,47,7.589421,2.487868,0.164234,5.530533,8.182635,23.069917,21.940103,4.480977,0.827026,1.015625
16/08/2022,16:07:10:247,6325011,1199,46,7.611651,2.590677,0.174963,5.438823,8.204464,22.989929,21.978047,4.413367,0.773315,0.000000
16/08/2022,16:07:11:261,6326025,1267,46,7.608957,1.935090,0.205005,5.395753,7.535848,22.071785,21.981378,4.366437,0.783569,0.000000
16/08/2022,16:07:12:243,6327007,1049,47,7.605714,1.904610,0.177688,5.437125,7.519423,21.948783,21.980196,4.392968,0.792969,0.000000
16/08/2022,16:07:13:256,6328020,1497,47,7.631497,2.481288,0.168671,5.691637,8.341596,23.572823,22.035995,4.618140,0.908081,0.000000
16/08/2022,16:07:14:253,6329017,1364,47,7.655569,2.751999,0.185874,5.358333,8.296207,22.988864,22.070468,4.338497,0.828857,1.179688
16/08/2022,16:07:15:253,6330017,1778,46,7.637725,1.661234,0.206552,5.286673,7.154459,21.102247,22.035993,4.256422,0.974121,1.289062
16/08/2022,16:07:16:264,6331028,1359,47,7.663325,2.628422,0.196791,5.530005,8.355218,23.343323,22.082683,4.481567,0.822998,0.000000
16/08/2022,16:07:17:247,6332011,1397,46,7.655311,1.781166,0.182021,5.478643,7.441830,22.029108,22.080747,4.440911,0.828003,0.000000
16/08/2022,16:07:18:262,6333026,1311,47,7.695187,3.046164,0.215861,5.530270,8.792295,23.916147,22.145117,4.478936,0.825439,0.000000
16/08/2022,16:07:19:255,6334019,1302,47,7.692599,1.967016,0.197658,5.459129,7.623802,22.404893,22.154534,4.421745,0.827393,0.000000
16/08/2022,16:07:20:257,6335021,1461,46,7.681327,1.709783,0.168845,5.496114,7.374743,21.930737,22.146597,4.456797,0.854248,1.046875
16/08/2022,16:07:21:254,6336018,1185,48,7.704043,2.627747,0.194519,5.495117,8.317383,23.265686,22.186564,4.453064,0.856812,1.406250
16/08/2022,16:07:22:266,6337030,1152,46,7.690901,1.902476,0.228989,5.204240,7.335705,21.442219,22.160007,4.199084,0.848267,1.398438
16/08/2022,16:07:23:263,6338027,1098,47,7.717700,2.505095,0.185880,5.741406,8.432381,23.751653,22.217591,4.655663,0.797974,0.000000
16/08/2022,16:07:24:262,6339026,1384,46,7.726689,2.319826,0.173249,5.477064,7.970138,22.694599,22.234559,4.436386,1.058472,0.000000
16/08/2022,16:07:25:264,6340028,1396,47,7.745825,2.625428,0.193981,5.443615,8.263024,22.997363,22.261774,4.407545,0.821289,0.000000
16/08/2022,16:07:26:257,6341021,975,46,7.713648,1.561685,0.216784,5.069991,6.848461,20.318932,22.192110,4.069233,0.727051,0.000000
16/08/2022,16:07:27:269,6342033,1779,45,7.664813,1.042894,0.221476,5.069490,6.333860,19.904967,22.111079,4.066652,0.812622,1.078125
16/08/2022,16:07:28:264,6343028,1932,48,7.690555,2.528013,0.150747,5.698994,8.377754,23.573939,22.163899,4.626960,1.042603,0.000000
16/08/2022,16:07:29:263,6344027,1197,46,7.688105,2.087341,0.166070,5.368263,7.621673,22.100063,22.161631,4.347175,0.873047,0.000000
16/08/2022,16:07:30:262,6345026,1114,47,7.687366,2.047063,0.175461,5.444850,7.667373,22.304436,22.166721,4.414652,0.961914,0.000000
16/08/2022,16:07:31:271,6346035,798,46,7.684588,2.230098,0.185968,5.193653,7.609720,21.374536,22.138343,4.174001,0.826416,0.000000
16/08/2022,16:07:32:269,6347033,1610,46,7.640240,1.395808,0.206077,4.849598,6.451483,19.466999,22.042366,3.881982,0.820435,0.000000
16/08/2022,16:07:33:268,6348032,1436,46,7.672524,2.841498,0.185307,5.519217,8.546023,23.545443,22.095940,4.463639,0.833252,0.000000
16/08/2022,16:07:34:267,6349031,1776,48,7.674046,1.897772,0.168259,5.649143,7.715174,22.633351,22.115114,4.589489,0.785645,0.000000
16/08/2022,16:07:35:281,6350045,1941,48,7.694360,2.574974,0.201392,5.467600,8.243966,23.111347,22.150622,4.420768,0.979614,0.000000
16/08/2022,16:07:36:263,6351027,1098,46,7.652742,1.434747,0.198064,4.914592,6.547402,19.864060,22.067653,3.931936,0.726074,0.000000
16/08/2022,16:07:37:273,6352037,898,45,7.586691,1.005899,0.138665,4.624874,5.769438,17.748365,21.916169,3.666460,0.825806,0.000000
16/08/2022,16:07:38:271,6353035,1226,46,7.566325,1.886470,0.137782,4.997812,7.022065,20.550356,21.866902,4.009568,0.816040,0.000000
16/08/2022,16:07:39:282,6354046,1490,47,7.591031,2.728321,0.154549,5.378018,8.260888,23.044781,21.908843,4.331660,0.893066,0.000000
16/08/2022,16:07:40:277,6355041,1302,46,7.573887,1.671772,0.155965,5.288950,7.116687,21.366229,21.889251,4.262389,0.761719,0.000000
16/08/2022,16:07:41:276,6356040,1769,46,7.530872,1.398037,0.177456,4.786716,6.362209,18.977517,21.785781,3.810215,0.860352,0.000000
16/08/2022,16:07:42:274,6357038,1167,50,7.649755,5.469933,0.192252,5.194086,10.856270,26.184814,21.942889,4.174049,0.814819,0.000000
16/08/2022,16:07:43:272,6358036,2295,50,7.677986,2.904624,0.143518,5.395238,8.443380,23.077049,21.983233,4.344833,0.853027,0.000000
16/08/2022,16:07:44:288,6359052,1376,49,7.737388,3.978221,0.156284,5.208394,9.342900,23.962708,22.053928,4.188759,0.723267,0.000000
16/08/2022,16:07:45:269,6360033,1175,49,7.840702,5.176465,0.144756,5.260606,10.581828,25.625094,22.183510,4.239060,0.889404,0.984375
16/08/2022,16:07:46:278,6361042,1451,46,7.793014,1.324650,0.166601,4.986946,6.478197,19.546073,22.091200,3.987402,0.833740,0.000000
16/08/2022,16:07:47:277,6362041,1265,46,7.722419,0.979705,0.194769,4.661454,5.835928,18.185096,21.950162,3.708233,0.807861,0.000000
16/08/2022,16:07:48:287,6363051,1348,46,7.695291,1.542636,0.179681,5.238994,6.961310,21.110886,21.920248,4.219009,0.869385,0.000000
16/08/2022,16:07:49:282,6364046,1535,48,7.755166,3.793607,0.149808,5.411764,9.355179,24.478122,22.012422,4.363591,0.895020,0.953125
16/08/2022,16:07:50:280,6365044,998,46,7.738397,2.016060,0.150811,5.116903,7.283774,20.932855,21.973982,4.102898,0.741089,0.000000
16/08/2022,16:07:51:279,6366043,861,45,7.673353,0.995521,0.189588,4.728390,5.913499,18.480014,21.849447,3.773783,0.796265,0.000000
16/08/2022,16:07:52:289,6367053,2045,46,7.609583,1.144317,0.213440,4.526448,5.884205,17.882321,21.708189,3.585341,0.881592,0.000000
16/08/2022,16:07:53:288,6368052,1108,47,7.637182,2.779605,0.183890,5.410456,8.373951,23.430074,21.770362,4.357681,0.838013,0.984375
16/08/2022,16:07:54:287,6369051,1697,46,7.616872,1.604589,0.151609,5.311159,7.067357,21.222499,21.750834,4.278950,0.933228,1.046875
16/08/2022,16:07:55:282,6370046,974,45,7.555564,1.050232,0.167358,4.682678,5.900269,18.195435,21.623856,3.722474,0.769775,0.000000
16/08/2022,16:07:56:291,6371055,998,45,7.490596,1.075384,0.195067,4.456855,5.727306,17.371587,21.472748,3.520655,0.731079,0.000000
16/08/2022,16:07:57:291,6372055,1314,44,7.431526,0.983935,0.211810,4.657285,5.853030,18.214643,21.355224,3.698646,0.831055,0.000000
16/08/2022,16:07:58:283,6373047,1197,46,7.423788,1.926407,0.165212,5.122357,7.213976,21.283376,21.352668,4.124163,0.831421,0.984375
16/08/2022,16:07:59:296,6374060,3172,52,7.511012,4.500989,0.154094,5.228187,9.883270,24.904925,21.478646,4.208107,0.827026,0.000000
16/08/2022,16:08:00:291,6375055,1169,47,7.548589,2.813811,0.167952,5.565865,8.547628,23.695832,21.559019,4.501749,0.854492,0.000000
16/08/2022,16:08:01:287,6376051,838,46,7.531068,1.644698,0.180345,5.230498,7.055541,20.892181,21.535323,4.198005,0.813721,1.234375
16/08/2022,16:08:02:302,6377066,1289,49,7.497952,1.601850,0.188576,4.806841,6.597267,19.510475,21.463513,3.839616,1.042480,0.953125
16/08/2022,16:08:03:280,6378044,1549,47,7.518013,2.499021,0.154238,5.397020,8.050279,22.823307,21.512902,4.354840,0.765015,0.000000
16/08/2022,16:08:04:286,6379050,799,46,7.507741,1.756366,0.161036,5.306817,7.224218,21.411320,21.509347,4.275516,0.728760,0.000000
16/08/2022,16:08:05:298,6380062,799,45,7.448406,0.982684,0.164013,4.711223,5.857920,18.313335,21.394405,3.758844,0.771240,0.000000
16/08/2022,16:08:06:293,6381057,1496,45,7.398760,1.129936,0.183831,4.758325,6.072092,18.632885,21.294793,3.787020,0.762207,0.000000
16/08/2022,16:08:07:288,6382052,860,45,7.344896,1.005916,0.143151,4.735433,5.884500,18.275740,21.187401,3.774252,0.764893,0.921875
16/08/2022,16:08:08:304,6383068,1545,46,7.370577,2.455652,0.151114,5.461541,8.068307,23.181312,21.258113,4.425141,0.866455,0.921875
16/08/2022,16:08:09:303,6384067,1966,46,7.371840,1.898818,0.160337,5.346223,7.405379,21.811177,21.278182,4.311389,0.990234,0.953125
16/08/2022,16:08:10:301,6385065,1031,45,7.356866,1.689941,0.159851,5.102783,6.952576,20.723511,21.258372,4.101794,0.836914,0.000000
16/08/2022,16:08:11:300,6386064,815,45,7.297772,0.972408,0.173880,4.554298,5.700586,17.446646,21.122375,3.602664,0.736084,0.000000
16/08/2022,16:08:12:295,6387059,1463,45,7.259567,1.130344,0.203491,4.890955,6.224790,19.282702,21.056870,3.909311,0.900757,0.000000
16/08/2022,16:08:13:315,6388079,1114,46,7.309493,2.828085,0.234213,5.600834,8.663132,24.091990,21.164942,4.528662,0.866821,0.000000
16/08/2022,16:08:14:297,6389061,1378,47,7.336691,2.515858,0.179332,5.361630,8.056820,22.764017,21.223137,4.331699,0.834351,0.000000
16/08/2022,16:08:15:305,6390069,814,45,7.299176,1.252431,0.182857,4.832829,6.268118,18.861912,21.140241,3.849189,0.728516,0.000000
16/08/2022,16:08:16:302,6391066,1098,44,7.251193,1.019311,0.225128,4.721869,5.966308,18.532322,21.046449,3.765208,0.866455,1.343750
16/08/2022,16:08:17:302,6392066,1472,44,7.211559,1.117917,0.230843,4.788215,6.136975,19.013339,20.974056,3.816993,0.793335,0.000000
16/08/2022,16:08:18:294,6393058,1609,47,7.252404,2.742550,0.200867,5.411808,8.355225,23.448131,21.062327,4.378035,0.793579,0.000000
16/08/2022,16:08:19:302,6394066,1473,46,7.253185,1.768297,0.185505,5.320641,7.274443,21.648469,21.083093,4.289812,0.821289,0.000000
16/08/2022,16:08:20:299,6395063,1017,45,7.227485,1.333518,0.172338,5.034160,6.540017,19.957407,21.042528,4.043262,0.736206,0.000000
16/08/2022,16:08:21:308,6396072,931,45,7.180402,0.965126,0.187815,4.753587,5.906527,18.443503,20.949892,3.784730,0.745728,0.000000
16/08/2022,16:08:22:300,6397064,1809,43,7.139423,1.228651,0.230308,4.580852,6.039811,18.053799,20.845736,3.633776,0.870850,1.343750
16/08/2022,16:08:23:311,6398075,1580,48,7.195953,3.162887,0.206954,5.363595,8.733436,23.706067,20.947073,4.322114,0.819580,0.000000
16/08/2022,16:08:24:304,6399068,729,45,7.177714,1.391686,0.180512,5.119113,6.691311,20.308017,20.923953,4.112854,0.804077,1.109375
16/08/2022,16:08:25:316,6400080,896,43,7.132542,0.998712,0.186428,4.717550,5.902690,18.321683,20.831758,3.760984,0.734985,0.000000
16/08/2022,16:08:26:313,6401077,799,43,7.077188,0.940387,0.187138,4.476513,5.604039,17.164014,20.699065,3.537569,0.728882,0.000000
16/08/2022,16:08:27:308,6402072,698,44,7.032822,0.985623,0.195349,4.650242,5.831214,18.143954,20.607993,3.703941,0.769775,0.984375
16/08/2022,16:08:28:321,6403085,1390,46,7.053264,2.125167,0.132888,5.351179,7.609234,22.206901,20.664697,4.327042,0.826416,0.953125
16/08/2022,16:08:29:301,6404065,859,45,7.049767,1.674193,0.144823,5.137667,6.956684,20.850706,20.671427,4.128218,0.917969,0.000000
16/08/2022,16:08:30:306,6405070,744,44,7.010657,1.110081,0.136878,4.686517,5.933476,18.116440,20.581820,3.720907,0.731812,0.000000
16/08/2022,16:08:31:317,6406081,698,43,6.969992,0.972854,0.158120,4.745605,5.876579,18.400061,20.503666,3.782660,0.830200,1.148438
16/08/2022,16:08:32:311,6407075,899,43,6.942826,1.299910,0.179604,4.738103,6.217617,18.853651,20.444030,3.779471,0.794189,0.000000
16/08/2022,16:08:33:317,6408081,2135,44,6.948489,1.758268,0.211531,5.132860,7.102659,20.995725,20.463576,4.117843,0.786011,0.000000
16/08/2022,16:08:34:312,6409076,998,44,6.942887,1.799447,0.152043,4.841396,6.792886,19.619170,20.433177,3.858173,0.725220,0.000000
16/08/2022,16:08:35:324,6410088,953,42,6.905031,0.979381,0.152159,4.747138,5.878678,18.287199,20.356841,3.788960,0.783569,1.078125
16/08/2022,16:08:36:320,6411084,1611,43,6.870895,1.116399,0.188967,4.653296,5.958663,18.302691,20.282745,3.701752,0.872070,1.343750
16/08/2022,16:08:37:314,6412078,1140,42,6.821099,0.979623,0.205022,4.287766,5.472411,16.726207,20.156234,3.371580,0.771484,0.000000
16/08/2022,16:08:38:324,6413088,1198,45,6.837086,1.843901,0.167924,5.260087,7.271912,21.532257,20.205034,4.233062,0.784790,0.921875
16/08/2022,16:08:39:321,6414085,1172,43,6.836127,1.550812,0.159802,5.099907,6.810521,20.509925,20.216043,4.097143,0.772339,0.984375
16/08/2022,16:08:40:317,6415081,998,42,6.798348,0.918836,0.144438,4.710799,5.774073,18.112075,20.141126,3.747142,0.782104,1.046875
16/08/2022,16:08:41:327,6416091,799,42,6.753472,0.933220,0.144415,4.460403,5.538037,17.069091,20.031740,3.522653,0.765015,0.984375
16/08/2022,16:08:42:322,6417086,1197,45,6.760200,1.848113,0.151953,4.940097,6.940163,20.336019,20.042705,3.952404,0.838745,0.000000
16/08/2022,16:08:43:317,6418081,1257,45,6.800561,2.067098,0.160041,5.668847,7.895986,23.233456,20.155976,4.595180,0.939453,0.953125
16/08/2022,16:08:44:329,6419093,798,43,6.767054,1.072492,0.131988,4.655079,5.859559,18.028672,20.080153,3.706493,0.731445,0.000000
16/08/2022,16:08:45:325,6420089,1083,42,6.729849,0.992500,0.153946,4.590194,5.736641,17.678259,19.993513,3.641382,0.878052,0.000000
16/08/2022,16:08:46:320,6421084,1227,43,6.698278,0.951903,0.185130,4.704369,5.841402,18.423048,19.937706,3.754920,0.866943,1.289062
16/08/2022,16:08:47:329,6422093,898,42,6.662806,0.954134,0.198609,4.548345,5.701088,17.815776,19.862150,3.608727,0.729248,0.000000
16/08/2022,16:08:48:325,6423089,1026,43,6.652484,1.267359,0.172124,4.936021,6.375504,19.725762,19.857250,3.949205,1.080688,0.000000
16/08/2022,16:08:49:320,6424084,1452,44,6.676317,1.900354,0.134926,5.286551,7.321831,21.767183,19.925189,4.266155,0.907104,0.921875
16/08/2022,16:08:50:332,6425096,1579,46,6.764967,3.663456,0.225346,5.277184,9.165987,23.997224,20.070182,4.232791,0.797119,0.000000
16/08/2022,16:08:51:330,6426094,1974,47,6.800131,2.343907,0.188660,5.206281,7.738847,21.908361,20.136554,4.167251,1.052002,1.109375
16/08/2022,16:08:52:325,6427089,1658,46,6.836205,2.473269,0.160171,5.179794,7.813235,22.031918,20.204110,4.155467,0.920288,0.000000
16/08/2022,16:08:53:339,6428103,1315,47,6.902767,2.951179,0.167939,5.590201,8.709318,24.164089,20.344689,4.515128,0.882690,0.984375
16/08/2022,16:08:54:319,6429083,1736,46,6.973670,3.244564,0.156836,5.461170,8.862570,24.076230,20.479691,4.408751,0.912598,0.000000
16/08/2022,16:08:55:331,6430095,1834,49,7.093548,4.761985,0.323449,5.306329,10.391764,25.892767,20.669535,4.244831,0.901611,0.000000
16/08/2022,16:08:56:326,6431090,662,46,7.122270,2.708540,0.164988,5.013129,7.886657,21.952612,20.716001,3.994037,0.786499,0.000000
16/08/2022,16:08:57:343,6432107,1490,45,7.113119,1.730849,0.132109,5.000756,6.863714,20.510027,20.708704,3.979652,0.869629,0.000000
